,invoice_id,cust_number,name_customer,Industry_Sector,buisness_year,issue_date,due_in_date,invoice_currency,total_open_amount,clear_date,isOpen,Ground_Truth,issue_date_format,due_in_date_format,clear_date_format,time_taken_for_payment,payment_category,sector_format,no_of_days_for_due_pay,US_Dollars,no_of_early_pays,avg_of_early_pays,no_of_OnTime_pays,avg_of_OnTime_pays,no_of_late_pays,avg_of_late_pays,no_of_VeryLate_pays,avg_of_VeryLate_pays,no_of_CriticallyLate_pays,avg_of_CriticallyLate_pays
0,1930438491.0,200769623,WAL-MAR corp,Retail,2020,1/26/20,20200210,USD,54273.28,02/11/20 0:00,0,,2020-01-26,2020-02-10,2020-02-11,1.0,Late,Retail,15,54273.28,176,23924.33134582623,1,11085.927272727273,32,22470.890342679122,1,791.8272727272727,0,0.0
1,1929646410.0,200980828,BEN E ,Food,2019,7/22/19,08/11/19,USD,79656.6,08/08/19,0,,2019-07-22,2019-08-11,2019-08-08,-3.0,Early,Food,20,79656.6,0,0.0,0,0.0,0,0.0,0,0.0,0,0.0
2,1929873765.0,200792734,MDV/ trust,,2019,9/14/19,20190929,USD,2253.86,12/30/19 0:00,0,,2019-09-14,2019-09-29,2019-12-30,92.0,CriticallyLate,AllSectors,15,2253.86,1,52718.627272727266,0,0.0,0,0.0,0,0.0,0,0.0
4,1930147974.0,200769623,WAL-MAR foundation,Retail,2019,11/13/19,20191128,USD,33133.29,11/25/19 0:00,0,,2019-11-13,2019-11-28,2019-11-25,-3.0,Early,Retail,15,33133.29,136,23970.312123438638,1,11085.927272727273,24,24084.290871369296,1,791.8272727272727,0,0.0
5,2960581231.0,140106181,THE  corporation,,2019,9/20/19,20191004,CAD,22225.84,12/04/19 0:00,0,,2019-09-20,2019-10-04,2019-12-04,61.0,VeryLate,AllSectors,14,16224.8632,0,0.0,0,0.0,0,0.0,2,24600.0,1,107021.22727272726
6,1930083373.0,200769623,WAL-MAR in,Retail,2019,11/01/19,20191116,USD,7358.49,11/12/19 0:00,0,,2019-11-01,2019-11-16,2019-11-12,-4.0,Early,Retail,15,7358.49,127,24165.833202202983,1,11085.927272727273,23,25126.30995670996,1,791.8272727272727,0,0.0
8,1929439637.0,200769623,WAL-MAR corp,Retail,2019,06/07/19,20190622,USD,15995.04,6/18/19 0:00,0,,2019-06-07,2019-06-22,2019-06-18,-4.0,Early,Retail,15,15995.04,63,20264.708557844697,1,11085.927272727273,12,20537.457851239673,1,791.8272727272727,0,0.0
9,1928819386.0,200762301,C&S WH systems,,2019,2/20/19,20190307,USD,28.63,03/06/19 0:00,0,,2019-02-20,2019-03-07,2019-03-06,-1.0,Early,AllSectors,15,28.63,0,0.0,1,5086.472727272727,1,1072.790909090909,0,0.0,0,0.0
11,1928550622.0,200743129,BROOKS co,,2019,01/02/19,20190117,USD,103147.37,1/22/19 0:00,0,,2019-01-02,2019-01-17,2019-01-22,5.0,Late,AllSectors,15,103147.37,0,0.0,0,0.0,0,0.0,0,0.0,0,0.0
12,1929151655.0,200186937,SYSC corporation,,2019,4/15/19,20190430,USD,16381.45,05/06/19 0:00,0,,2019-04-15,2019-04-30,2019-05-06,6.0,Late,AllSectors,15,16381.45,0,0.0,0,0.0,0,0.0,0,0.0,0,0.0
13,1930022117.0,200721222,GO corporation,,2019,10/17/19,20191101,USD,19581.57,11/01/19 0:00,0,,2019-10-17,2019-11-01,2019-11-01,0.0,OnTime,AllSectors,15,19581.57,0,0.0,2,33866.88095238095,1,25752.64545454545,0,0.0,0,0.0
16,1930052739.0,200794332,COST in,,2019,10/25/19,20191109,USD,5181.51,11/12/19 0:00,0,,2019-10-25,2019-11-09,2019-11-12,3.0,Late,AllSectors,15,5181.51,7,23158.711267605635,4,12959.068292682929,4,22452.88780487805,0,0.0,0,0.0
17,1930209407.0,200881076,ALBERT corp,,2019,12/02/19,20191217,USD,19082.14,12/17/19 0:00,0,,2019-12-02,2019-12-17,2019-12-17,0.0,OnTime,AllSectors,15,19082.14,0,0.0,1,34994.972727272725,0,0.0,0,0.0,0,0.0
18,1930153511.0,200769623,WAL-MAR trust,Retail,2019,11/15/19,20191130,USD,12819.5,11/26/19 0:00,0,,2019-11-15,2019-11-30,2019-11-26,-4.0,Early,Retail,15,12819.5,137,24037.146389496706,1,11085.927272727273,24,24084.290871369296,1,791.8272727272727,0,0.0
19,1930438462.0,200769623,WAL-MAR systems,Retail,2020,1/24/20,20200208,USD,53349.54,02/05/20 0:00,0,,2020-01-24,2020-02-08,2020-02-05,-3.0,Early,Retail,15,53349.54,173,23708.592720970533,1,11085.927272727273,31,23115.739871382633,1,791.8272727272727,0,0.0
20,1991837617.0,100053554,SYSTEMS systems,,2020,01/11/20,20200210,USD,5683.5,02/11/20 0:00,0,,2020-01-11,2020-02-10,2020-02-11,1.0,Late,AllSectors,30,5683.5,0,0.0,0,0.0,0,0.0,0,0.0,0,0.0
21,1929773400.0,200783734,FAREW us,,2019,8/21/19,20190905,USD,11845.19,09/04/19 0:00,0,,2019-08-21,2019-09-05,2019-09-04,-1.0,Early,AllSectors,15,11845.19,0,0.0,0,0.0,0,0.0,0,0.0,0,0.0
23,1929626925.0,100006311,QUALITY C ,,2019,7/17/19,20190801,USD,20079.58,7/30/19 0:00,0,,2019-07-17,2019-08-01,2019-07-30,-2.0,Early,AllSectors,15,20079.58,0,0.0,0,0.0,0,0.0,0,0.0,0,0.0
24,1930431304.0,200769623,WAL-MAR co,Retail,2020,1/24/20,20200208,USD,11307.78,02/04/20 0:00,0,,2020-01-24,2020-02-08,2020-02-04,-4.0,Early,Retail,15,11307.78,173,23708.592720970533,1,11085.927272727273,31,23115.739871382633,1,791.8272727272727,0,0.0
26,1928620435.0,200769623,WAL-MAR foundation,Retail,2019,1/14/19,20190129,USD,36188.11,1/30/19 0:00,0,,2019-01-14,2019-01-29,2019-01-30,1.0,Late,Retail,15,36188.11,8,19865.988888888893,0,0.0,0,0.0,0,0.0,0,0.0
28,1929194820.0,200769623,WAL-MAR foundation,Retail,2019,4/23/19,20190508,USD,412.09,05/09/19 0:00,0,,2019-04-23,2019-05-08,2019-05-09,1.0,Late,Retail,15,412.09,45,20738.792682926836,0,0.0,7,20161.547887323944,1,791.8272727272727,0,0.0
29,2960542344.0,140106408,WAL-M associates,,2019,4/16/19,20190426,CAD,48413.28,05/06/19 0:00,0,,2019-04-16,2019-04-26,2019-05-06,10.0,Late,AllSectors,10,35341.6944,0,0.0,0,0.0,2,26335.68095238095,0,0.0,0,0.0
30,1929170780.0,200750051,ALBER systems,,2019,4/18/19,20190503,USD,6023.53,05/03/19 0:00,0,,2019-04-18,2019-05-03,2019-05-03,0.0,OnTime,AllSectors,15,6023.53,0,0.0,0,0.0,0,0.0,0,0.0,0,0.0
31,1929907681.0,200721222,GO trust,,2019,9/22/19,20191007,USD,17307.51,10/07/19 0:00,0,,2019-09-22,2019-10-07,2019-10-07,0.0,OnTime,AllSectors,15,17307.51,0,0.0,0,0.0,1,25752.64545454545,0,0.0,0,0.0
32,1929847863.0,200769623,WAL-MAR in,Retail,2019,09/10/19,20190925,USD,341.14,9/23/19 0:00,0,,2019-09-10,2019-09-25,2019-09-23,-2.0,Early,Retail,15,341.14,106,24156.799717247868,1,11085.927272727273,18,24033.357458563536,1,791.8272727272727,0,0.0
33,1929541405.0,200726979,BJ'S  systems,,2019,6/15/19,20190630,USD,365.87,07/01/19 0:00,0,,2019-06-15,2019-06-30,2019-07-01,1.0,Late,AllSectors,15,365.87,0,0.0,9,12280.932967032968,10,10497.140594059405,0,0.0,0,0.0
34,1929535888.0,CCCA02,KRAFT  systems,,2019,07/05/19,20190809,USD,32751.88,8/30/19 0:00,0,,2019-07-05,2019-08-09,2019-08-30,21.0,Late,AllSectors,35,32751.88,1,7003.636363636363,1,14768.30909090909,5,26760.37843137255,0,0.0,0,0.0
36,1928656691.0,200700919,US  corp,,2019,1/23/19,20190212,USD,39221.31,2/13/19 0:00,0,,2019-01-23,2019-02-12,2019-02-13,1.0,Late,AllSectors,20,39221.31,0,0.0,0,0.0,0,0.0,0,0.0,0,0.0
38,1929497308.0,200769623,WAL-MAR corp,Retail,2019,6/17/19,20190702,USD,46961.92,6/27/19 0:00,0,,2019-06-17,2019-07-02,2019-06-27,-5.0,Early,Retail,15,46961.92,69,19939.72402315485,1,11085.927272727273,12,20537.457851239673,1,791.8272727272727,0,0.0
39,1929433546.0,200149567,RESER llc,,2019,06/04/19,20190719,USD,51641.33,7/19/19 0:00,0,,2019-06-04,2019-07-19,2019-07-19,0.0,OnTime,AllSectors,45,51641.33,0,0.0,0,0.0,0,0.0,0,0.0,0,0.0
40,1930130044.0,200769623,WAL-MAR corp,Retail,2019,11/08/19,20191123,USD,52187.72,11/19/19 0:00,0,,2019-11-08,2019-11-23,2019-11-19,-4.0,Early,Retail,15,52187.72,129,23963.050116188995,1,11085.927272727273,24,24084.290871369296,1,791.8272727272727,0,0.0
41,1930353067.0,200769623,WAL-MAR associates,Retail,2020,01/04/20,20200119,USD,4953.83,1/21/20 0:00,0,,2020-01-04,2020-01-19,2020-01-21,2.0,Late,Retail,15,4953.83,163,23421.096137339046,1,11085.927272727273,29,24292.270790378003,1,791.8272727272727,0,0.0
42,1930415312.0,200337148,COAS corporation,,2020,1/22/20,20200206,USD,54714.07,02/06/20 0:00,0,,2020-01-22,2020-02-06,2020-02-06,0.0,OnTime,AllSectors,15,54714.07,0,0.0,0,0.0,0,0.0,0,0.0,0,0.0
43,1930555074.0,200769623,WAL-MAR corp,Retail,2020,2/22/20,20200308,USD,3228.13,03/04/20 0:00,0,,2020-02-22,2020-03-08,2020-03-04,-4.0,Early,Retail,15,3228.13,185,24131.66898973528,1,11085.927272727273,37,24627.481940700804,1,791.8272727272727,0,0.0
44,2960541801.0,CCU001,KRAFT  trust,,2019,04/12/19,20190519,CAD,31715.46,5/31/19 0:00,0,,2019-04-12,2019-05-19,2019-05-31,12.0,Late,AllSectors,37,23152.285799999998,0,0.0,0,0.0,0,0.0,0,0.0,0,0.0
46,1929141059.0,200769623,WAL-MAR trust,Retail,2019,4/16/19,20190501,USD,34565.51,4/26/19 0:00,0,,2019-04-16,2019-05-01,2019-04-26,-5.0,Early,Retail,15,34565.51,42,20951.625653206655,0,0.0,7,20161.547887323944,1,791.8272727272727,0,0.0
47,1929722196.0,200759082,INGL in,,2019,08/08/19,20190823,USD,65353.0,8/23/19 0:00,0,,2019-08-08,2019-08-23,2019-08-23,0.0,OnTime,AllSectors,15,65353.0,0,0.0,0,0.0,3,96739.37096774195,0,0.0,0,0.0
48,1930532562.0,200769623,WAL-MAR corporation,Retail,2020,2/17/20,20200303,USD,49723.89,2/27/20 0:00,0,,2020-02-17,2020-03-03,2020-02-27,-5.0,Early,Retail,15,49723.89,184,23992.65638240087,1,11085.927272727273,36,24647.709972299162,1,791.8272727272727,0,0.0
49,1928638946.0,200769623,WAL-MAR us,Retail,2019,1/18/19,20190202,USD,353.96,1/29/19 0:00,0,,2019-01-18,2019-02-02,2019-01-29,-4.0,Early,Retail,15,353.96,9,20966.524175824175,0,0.0,1,32898.281818181815,0,0.0,0,0.0
50,1929274085.0,200230690,DECA systems,,2019,05/07/19,20190511,USD,3435.96,05/10/19 0:00,0,,2019-05-07,2019-05-11,2019-05-10,-1.0,Early,AllSectors,4,3435.96,1,97.92727272727272,0,0.0,0,0.0,0,0.0,0,0.0
53,1929656804.0,200769623,WAL-MAR ,Retail,2019,7/24/19,20190808,USD,21418.85,08/05/19 0:00,0,,2019-07-24,2019-08-08,2019-08-05,-3.0,Early,Retail,15,21418.85,87,22512.973134328353,1,11085.927272727273,18,24033.357458563536,1,791.8272727272727,0,0.0
54,1930391457.0,200701314,MBM  foundation,,2020,1/15/20,20200130,USD,12606.72,1/31/20 0:00,0,,2020-01-15,2020-01-30,2020-01-31,1.0,Late,AllSectors,15,12606.72,0,0.0,0,0.0,1,3242.1454545454544,0,0.0,0,0.0
55,1930520098.0,200742791,QUI us,,2020,2/18/20,20200304,USD,25580.96,03/04/20 0:00,0,,2020-02-18,2020-03-04,2020-03-04,0.0,OnTime,AllSectors,15,25580.96,0,0.0,0,0.0,1,21046.13636363636,0,0.0,0,0.0
56,1929797274.0,200743129,BROOKS systems,,2019,8/28/19,20190912,USD,20360.19,09/10/19 0:00,0,,2019-08-28,2019-09-12,2019-09-10,-2.0,Early,AllSectors,15,20360.19,1,57215.43636363636,0,0.0,2,104499.00476190474,0,0.0,0,0.0
58,1929620499.0,200780825,SYSCO FO trust,,2019,7/16/19,20190731,USD,322.48,7/30/19 0:00,0,,2019-07-16,2019-07-31,2019-07-30,-1.0,Early,AllSectors,15,322.48,0,0.0,0,0.0,0,0.0,0,0.0,0,0.0
59,1930413750.0,200762301,C&S WH llc,,2020,1/21/20,20200205,USD,91102.25,02/05/20 0:00,0,,2020-01-21,2020-02-05,2020-02-05,0.0,OnTime,AllSectors,15,91102.25,3,13575.62258064516,7,53808.13661971831,5,33451.18235294118,0,0.0,0,0.0
60,1928964395.0,200769369,DI llc,,2019,3/15/19,20190330,USD,73077.72,04/01/19 0:00,0,,2019-03-15,2019-03-30,2019-04-01,2.0,Late,AllSectors,15,73077.72,0,0.0,0,0.0,1,10476.336363636363,0,0.0,0,0.0
61,2960558116.0,100030194,AMAZO ,,2019,6/30/19,20190711,CAD,2827.8,7/15/19 0:00,0,,2019-06-30,2019-07-11,2019-07-15,4.0,Late,AllSectors,11,2064.294,0,0.0,0,0.0,0,0.0,0,0.0,0,0.0
62,1929462621.0,200714710,SYSCO  us,,2019,06/10/19,20190625,USD,3285.62,6/24/19 0:00,0,,2019-06-10,2019-06-25,2019-06-24,-1.0,Early,AllSectors,15,3285.62,1,43477.990909090906,0,0.0,3,12251.616129032258,0,0.0,0,0.0
63,2960562705.0,140106181,THE  corp,,2019,07/08/19,20190719,CAD,6912.0,9/18/19 0:00,0,,2019-07-08,2019-07-19,2019-09-18,61.0,VeryLate,AllSectors,11,5045.76,0,0.0,0,0.0,0,0.0,1,40680.0,1,107021.22727272726
64,1929251852.0,100028450,DASA I ,,2019,05/06/19,20190516,USD,24351.25,5/23/19 0:00,0,,2019-05-06,2019-05-16,2019-05-23,7.0,Late,AllSectors,10,24351.25,0,0.0,0,0.0,0,0.0,0,0.0,0,0.0
65,1929446470.0,200561861,CO in,,2019,06/06/19,20190621,USD,22491.08,6/21/19 0:00,0,,2019-06-06,2019-06-21,2019-06-21,0.0,OnTime,AllSectors,15,22491.08,0,0.0,0,0.0,0,0.0,0,0.0,0,0.0
66,1929213250.0,200622385,US  co,,2019,4/26/19,20190511,USD,981.31,05/10/19 0:00,0,,2019-04-26,2019-05-11,2019-05-10,-1.0,Early,AllSectors,15,981.31,0,0.0,0,0.0,0,0.0,0,0.0,0,0.0
67,1930395090.0,200769623,WAL-MAR foundation,Retail,2020,1/14/20,20200129,USD,71008.69,1/24/20 0:00,0,,2020-01-14,2020-01-29,2020-01-24,-5.0,Early,Retail,15,71008.69,167,23606.347336923987,1,11085.927272727273,30,23649.7976744186,1,791.8272727272727,0,0.0
68,1928711753.0,200744019,TARG in,,2019,02/01/19,20190216,USD,8445.33,2/26/19 0:00,0,,2019-02-01,2019-02-16,2019-02-26,10.0,Late,AllSectors,15,8445.33,0,0.0,0,0.0,3,51741.52903225806,0,0.0,0,0.0
69,1929760273.0,200752302,KROGER foundation,,2019,8/19/19,20190903,USD,79935.8,09/03/19 0:00,0,,2019-08-19,2019-09-03,2019-09-03,0.0,OnTime,AllSectors,15,79935.8,0,0.0,1,84681.6909090909,0,0.0,0,0.0,0,0.0
71,1928657817.0,200769623,WAL-MAR in,Retail,2019,1/24/19,20190208,USD,13636.19,02/11/19 0:00,0,,2019-01-24,2019-02-08,2019-02-11,3.0,Late,Retail,15,13636.19,13,20955.66641221374,0,0.0,1,32898.281818181815,1,791.8272727272727,0,0.0
72,1929027308.0,200769623,WAL-MAR llc,Retail,2019,3/27/19,20190411,USD,71047.42,04/08/19 0:00,0,,2019-03-27,2019-04-11,2019-04-08,-3.0,Early,Retail,15,71047.42,36,18879.6027700831,0,0.0,7,20161.547887323944,1,791.8272727272727,0,0.0
73,1929485994.0,200769623,WAL-MAR corporation,Retail,2019,6/13/19,20190628,USD,3748.84,6/25/19 0:00,0,,2019-06-13,2019-06-28,2019-06-25,-3.0,Early,Retail,15,3748.84,66,19949.116036308624,1,11085.927272727273,12,20537.457851239673,1,791.8272727272727,0,0.0
74,1928831527.0,200772670,ASSOCIAT co,,2019,2/20/19,20190307,USD,74898.29,03/06/19 0:00,0,,2019-02-20,2019-03-07,2019-03-06,-1.0,Early,AllSectors,15,74898.29,1,18785.790909090905,1,24573.22727272727,0,0.0,0,0.0,0,0.0
75,1930133339.0,200769623,WAL-MAR foundation,Retail,2019,11/10/19,20191125,USD,6300.98,11/20/19 0:00,0,,2019-11-10,2019-11-25,2019-11-20,-5.0,Early,Retail,15,6300.98,130,24179.9960799385,1,11085.927272727273,24,24084.290871369296,1,791.8272727272727,0,0.0
78,1929249507.0,200705742,DOT co,,2019,05/02/19,20190517,USD,26520.18,5/17/19 0:00,0,,2019-05-02,2019-05-17,2019-05-17,0.0,OnTime,AllSectors,15,26520.18,1,3320.3090909090906,2,119.03809523809522,0,0.0,0,0.0,0,0.0
80,1928964364.0,200762301,C&S WH ,,2019,3/15/19,20190330,USD,75138.42,04/01/19 0:00,0,,2019-03-15,2019-03-30,2019-04-01,2.0,Late,AllSectors,15,75138.42,1,26.027272727272724,3,42789.11612903226,2,8302.338095238094,0,0.0,0,0.0
81,1929656725.0,200761734,H E BUT in,,2019,7/24/19,20190808,USD,78043.58,08/07/19 0:00,0,,2019-07-24,2019-08-08,2019-08-07,-1.0,Early,AllSectors,15,78043.58,3,31161.69677419355,0,0.0,2,22615.490476190476,0,0.0,0,0.0
82,2960552326.0,140104409,LOB us,,2019,06/02/19,20190619,CAD,51234.16,6/21/19 0:00,0,,2019-06-02,2019-06-19,2019-06-21,2.0,Late,AllSectors,17,37400.9368,0,0.0,0,0.0,1,222734.34545454543,0,0.0,0,0.0
85,1929867941.0,200455322,PEA us,,2019,09/12/19,20191012,USD,42362.3,11/07/19 0:00,0,,2019-09-12,2019-10-12,2019-11-07,26.0,Late,AllSectors,30,42362.3,1,37150.71818181818,0,0.0,0,0.0,1,10725.436363636363,0,0.0
86,1929854327.0,200290370,BARGAIN  corporation,,2019,09/10/19,20190925,USD,6347.86,9/27/19 0:00,0,,2019-09-10,2019-09-25,2019-09-27,2.0,Late,AllSectors,15,6347.86,0,0.0,0,0.0,0,0.0,0,0.0,0,0.0
87,1929559339.0,200769623,WAL-MAR systems,Retail,2019,6/30/19,20190715,USD,48129.8,07/10/19 0:00,0,,2019-06-30,2019-07-15,2019-07-10,-5.0,Early,Retail,15,48129.8,75,21863.938348868174,1,11085.927272727273,14,21987.720567375887,1,791.8272727272727,0,0.0
89,1929940577.0,200769623,WAL-MAR corp,Retail,2019,9/29/19,20191014,USD,5957.04,10/10/19 0:00,0,,2019-09-29,2019-10-14,2019-10-10,-4.0,Early,Retail,15,5957.04,109,24251.933822181476,1,11085.927272727273,19,22865.912565445025,1,791.8272727272727,0,0.0
90,1929767246.0,200769623,WAL-MAR llc,Retail,2019,8/21/19,20190905,USD,423.47,09/03/19 0:00,0,,2019-08-21,2019-09-05,2019-09-03,-2.0,Early,Retail,15,423.47,97,23450.63048403707,1,11085.927272727273,18,24033.357458563536,1,791.8272727272727,0,0.0
91,1928896405.0,100028210,WEST  trust,,2019,03/04/19,20190319,USD,32415.05,3/23/19 0:00,0,,2019-03-04,2019-03-19,2019-03-23,4.0,Late,AllSectors,15,32415.05,0,0.0,0,0.0,0,0.0,0,0.0,0,0.0
92,1929773090.0,200769623,WAL-MAR llc,Retail,2019,8/22/19,20190906,USD,1328.25,09/03/19 0:00,0,,2019-08-22,2019-09-06,2019-09-03,-3.0,Early,Retail,15,1328.25,99,23689.139656912204,1,11085.927272727273,18,24033.357458563536,1,791.8272727272727,0,0.0
93,1929670921.0,200743129,BROOKS in,,2019,7/28/19,20190812,USD,116300.54,8/14/19 0:00,0,,2019-07-28,2019-08-12,2019-08-14,2.0,Late,AllSectors,15,116300.54,0,0.0,0,0.0,1,93770.33636363635,0,0.0,0,0.0
96,1930395778.0,200783609,PROFIC corporation,,2020,1/14/20,20200129,USD,20306.46,1/29/20 0:00,0,,2020-01-14,2020-01-29,2020-01-29,0.0,OnTime,AllSectors,15,20306.46,0,0.0,0,0.0,0,0.0,0,0.0,0,0.0
97,1930174350.0,100033266,INTERN trust,,2019,11/25/19,20191210,USD,17243.1,12/24/19 0:00,0,,2019-11-25,2019-12-10,2019-12-24,14.0,Late,AllSectors,15,17243.1,0,0.0,0,0.0,0,0.0,0,0.0,0,0.0
98,1930512246.0,200744019,TARG associates,,2020,02/11/20,20200226,USD,22993.63,2/26/20 0:00,0,,2020-02-11,2020-02-26,2020-02-26,0.0,OnTime,AllSectors,15,22993.63,3,22686.08387096774,2,61767.94285714285,10,28943.765346534656,0,0.0,0,0.0
99,1929651119.0,200705089,JETR foundation,,2019,7/23/19,20190807,USD,18939.75,08/07/19 0:00,0,,2019-07-23,2019-08-07,2019-08-07,0.0,OnTime,AllSectors,15,18939.75,0,0.0,1,9359.427272727273,1,13062.6,0,0.0,0,0.0
100,1929487380.0,100032262,INTERSTA co,,2019,6/18/19,20190628,USD,13872.48,6/29/19 0:00,0,,2019-06-18,2019-06-28,2019-06-29,1.0,Late,AllSectors,10,13872.48,0,0.0,0,0.0,0,0.0,0,0.0,0,0.0
101,1930461787.0,200762301,C&S WH systems,,2020,02/01/20,20200216,USD,937.68,2/19/20 0:00,0,,2020-02-01,2020-02-16,2020-02-19,3.0,Late,AllSectors,15,937.68,3,13575.62258064516,9,54154.419780219774,5,33451.18235294118,0,0.0,0,0.0
103,1929221972.0,200769623,WAL-MAR co,Retail,2019,4/29/19,20190514,USD,1170.27,05/09/19 0:00,0,,2019-04-29,2019-05-14,2019-05-09,-5.0,Early,Retail,15,1170.27,47,20855.470912951172,0,0.0,8,17723.343209876544,1,791.8272727272727,0,0.0
104,1928913601.0,200769623,WAL-MAR co,Retail,2019,03/07/19,20190322,USD,23976.32,3/18/19 0:00,0,,2019-03-07,2019-03-22,2019-03-18,-4.0,Early,Retail,15,23976.32,29,16389.271134020615,0,0.0,6,23443.847540983606,1,791.8272727272727,0,0.0
105,1929061083.0,200756072,REINHA trust,,2019,04/02/19,20190417,USD,18828.87,4/17/19 0:00,0,,2019-04-02,2019-04-17,2019-04-17,0.0,OnTime,AllSectors,15,18828.87,0,0.0,0,0.0,1,11202.51818181818,0,0.0,0,0.0
106,1930255968.0,200769623,WAL-MAR us,Retail,2019,12/10/19,20191225,USD,720.78,12/23/19 0:00,0,,2019-12-10,2019-12-25,2019-12-23,-2.0,Early,Retail,15,720.78,151,23978.95757776306,1,11085.927272727273,29,24292.270790378003,1,791.8272727272727,0,0.0
107,1929908065.0,200794332,COST in,,2019,9/21/19,20191006,USD,13091.11,10/07/19 0:00,0,,2019-09-21,2019-10-06,2019-10-07,1.0,Late,AllSectors,15,13091.11,7,23158.711267605635,4,12959.068292682929,3,25472.81612903226,0,0.0,0,0.0
108,1930553179.0,200353024,DECA ,,2020,2/21/20,20200310,USD,28.32,03/02/20 0:00,0,,2020-02-21,2020-03-10,2020-03-02,-8.0,Early,AllSectors,18,28.32,6,1203.8967213114756,0,0.0,0,0.0,0,0.0,0,0.0
109,1930452932.0,200762301,C&S WH us,,2020,1/30/20,20200214,USD,19665.2,2/14/20 0:00,0,,2020-01-30,2020-02-14,2020-02-14,0.0,OnTime,AllSectors,15,19665.2,3,13575.62258064516,8,58412.34814814814,5,33451.18235294118,0,0.0,0,0.0
111,2960542647.0,140104429,COSTCO corp,,2019,4/18/19,20190505,CAD,67034.28,05/09/19 0:00,0,,2019-04-18,2019-05-05,2019-05-09,4.0,Late,AllSectors,17,48935.024399999995,0,0.0,0,0.0,2,37021.36666666666,0,0.0,0,0.0
114,1929313381.0,200769623,WAL-MAR foundation,Retail,2019,5/15/19,20190530,USD,13112.14,5/28/19 0:00,0,,2019-05-15,2019-05-30,2019-05-28,-2.0,Early,Retail,15,13112.14,53,19279.40357815443,1,11085.927272727273,8,17723.343209876544,1,791.8272727272727,0,0.0
115,1929436297.0,200780383,MEIJ associates,,2019,06/05/19,20190620,USD,19997.78,6/21/19 0:00,0,,2019-06-05,2019-06-20,2019-06-21,1.0,Late,AllSectors,15,19997.78,0,0.0,1,16814.418181818182,3,51652.141935483865,0,0.0,0,0.0
116,1930448984.0,200759878,SA llc,,2020,1/30/20,20200315,USD,124047.42,03/06/20 0:00,0,,2020-01-30,2020-03-15,2020-03-06,-9.0,Early,AllSectors,45,124047.42,0,0.0,6,53266.14262295082,23,34437.289610389606,0,0.0,0,0.0
117,1929855149.0,200148860,DOLLA llc,,2019,09/10/19,20190925,USD,99386.3,9/25/19 0:00,0,,2019-09-10,2019-09-25,2019-09-25,0.0,OnTime,AllSectors,15,99386.3,0,0.0,2,15668.119047619048,1,56121.590909090904,0,0.0,0,0.0
118,1929927951.0,200726979,BJ'S  systems,,2019,9/27/19,20191012,USD,2211.63,10/15/19 0:00,0,,2019-09-27,2019-10-12,2019-10-15,3.0,Late,AllSectors,15,2211.63,0,0.0,16,7679.2453416149065,16,11872.334161490684,0,0.0,0,0.0
119,1928838009.0,200772595,SAFEW corporation,,2019,2/21/19,20190427,USD,2588.65,4/29/19 0:00,0,,2019-02-21,2019-04-27,2019-04-29,2.0,Late,AllSectors,65,2588.65,0,0.0,0,0.0,0,0.0,0,0.0,0,0.0
120,1929071770.0,200772670,ASSOCIAT trust,,2019,04/02/19,20190417,USD,99608.36,4/18/19 0:00,0,,2019-04-02,2019-04-17,2019-04-18,1.0,Late,AllSectors,15,99608.36,3,55643.96129032257,1,24573.22727272727,2,33467.08095238095,0,0.0,0,0.0
121,1928977255.0,200769623,WAL-MAR associates,Retail,2019,3/19/19,20190403,USD,16982.59,04/01/19 0:00,0,,2019-03-19,2019-04-03,2019-04-01,-2.0,Early,Retail,15,16982.59,33,17396.346223564953,0,0.0,7,20161.547887323944,1,791.8272727272727,0,0.0
122,1929540585.0,200781803,JRD us,,2019,6/25/19,20190715,USD,1721.07,7/15/19 0:00,0,,2019-06-25,2019-07-15,2019-07-15,0.0,OnTime,AllSectors,20,1721.07,0,0.0,1,10134.545454545454,0,0.0,0,0.0,0,0.0
123,1929970361.0,200744019,TARG ,,2019,10/06/19,20191021,USD,13533.21,10/23/19 0:00,0,,2019-10-06,2019-10-21,2019-10-23,2.0,Late,AllSectors,15,13533.21,3,22686.08387096774,0,0.0,8,33575.641975308645,0,0.0,0,0.0
124,1929928863.0,200769623,WAL-MAR ,Retail,2019,9/29/19,20191014,USD,3225.75,10/15/19 0:00,0,,2019-09-29,2019-10-14,2019-10-15,1.0,Late,Retail,15,3225.75,109,24251.933822181476,1,11085.927272727273,19,22865.912565445025,1,791.8272727272727,0,0.0
125,1929706222.0,200719839,ASSOCI in,,2019,08/07/19,20191105,USD,1172.53,11/04/19 0:00,0,,2019-08-07,2019-11-05,2019-11-04,-1.0,Early,AllSectors,90,1172.53,0,0.0,0,0.0,0,0.0,0,0.0,0,0.0
126,1929050378.0,200794332,COST ,,2019,3/29/19,20190413,USD,32944.47,04/12/19 0:00,0,,2019-03-29,2019-04-13,2019-04-12,-1.0,Early,AllSectors,15,32944.47,1,9185.49090909091,1,18688.30909090909,2,22460.428571428572,0,0.0,0,0.0
127,1930147567.0,200761734,H E BUT trust,,2019,11/13/19,20191128,USD,11443.14,11/27/19 0:00,0,,2019-11-13,2019-11-28,2019-11-27,-1.0,Early,AllSectors,15,11443.14,5,34554.83137254902,0,0.0,2,22615.490476190476,0,0.0,0,0.0
128,1930389805.0,200966888,BIRD-I ,,2020,01/10/20,20200120,USD,4884.0,1/25/20 0:00,0,,2020-01-10,2020-01-20,2020-01-25,5.0,Late,AllSectors,10,4884.0,0,0.0,0,0.0,0,0.0,0,0.0,0,0.0
129,1928923101.0,200782001,GORDO ,,2019,03/07/19,20190322,USD,38182.86,3/26/19 0:00,0,,2019-03-07,2019-03-22,2019-03-26,4.0,Late,AllSectors,15,38182.86,0,0.0,0,0.0,1,1447.2363636363636,0,0.0,0,0.0
130,2960541584.0,140118168,RONALD co,,2019,4/30/19,20190531,CAD,24960.0,5/31/19 0:00,0,,2019-04-30,2019-05-31,2019-05-31,0.0,OnTime,AllSectors,31,18220.8,0,0.0,0,0.0,0,0.0,0,0.0,0,0.0
132,1930267709.0,200331749,SYSC systems,,2019,12/12/19,20191227,USD,17710.21,12/31/19 0:00,0,,2019-12-12,2019-12-27,2019-12-31,4.0,Late,AllSectors,15,17710.21,0,0.0,0,0.0,4,19047.092682926832,0,0.0,0,0.0
133,1928661972.0,200418007,AM systems,,2019,1/24/19,20190208,USD,7790.06,2/26/19 0:00,0,,2019-01-24,2019-02-08,2019-02-26,18.0,Late,AllSectors,15,7790.06,0,0.0,0,0.0,0,0.0,0,0.0,0,0.0
134,1929581970.0,200772595,SAFEW us,,2019,07/06/19,20190721,USD,48577.93,7/23/19 0:00,0,,2019-07-06,2019-07-21,2019-07-23,2.0,Late,AllSectors,15,48577.93,0,0.0,1,39251.64545454545,2,2315.7761904761905,0,0.0,0,0.0
136,1928748491.0,200769623,WAL-MAR co,Retail,2019,02/06/19,20190221,USD,316.8,2/19/19 0:00,0,,2019-02-06,2019-02-21,2019-02-19,-2.0,Early,Retail,15,316.8,19,16827.802617801044,0,0.0,4,25216.339024390247,1,791.8272727272727,0,0.0
139,1929640795.0,200020431,DEC ,,2019,7/19/19,20190723,USD,1867.12,7/24/19 0:00,0,,2019-07-19,2019-07-23,2019-07-24,1.0,Late,AllSectors,4,1867.12,1,14969.072727272725,0,0.0,0,0.0,0,0.0,0,0.0
140,1930546685.0,200794332,COST systems,,2020,2/21/20,20200426,USD,1715.7,03/06/20 0:00,0,,2020-02-21,2020-04-26,2020-03-06,-51.0,Early,AllSectors,65,1715.7,12,36769.79421487603,6,17617.65081967213,6,17036.001639344267,0,0.0,0,0.0
141,1929498900.0,200900909,SYSCO ,,2019,6/19/19,20190704,USD,31309.71,07/09/19 0:00,0,,2019-06-19,2019-07-04,2019-07-09,5.0,Late,AllSectors,15,31309.71,0,0.0,0,0.0,4,11259.351219512195,0,0.0,0,0.0
142,1930189164.0,200705742,DOT associates,,2019,11/25/19,20191229,USD,94490.93,12/10/19 0:00,0,,2019-11-25,2019-12-29,2019-12-10,-19.0,Early,AllSectors,34,94490.93,8,21181.500000000004,4,8064.297560975611,2,15912.309523809523,0,0.0,0,0.0
143,1930401180.0,200769623,WAL-MAR systems,Retail,2020,1/15/20,20200130,USD,6663.09,1/27/20 0:00,0,,2020-01-15,2020-01-30,2020-01-27,-3.0,Early,Retail,15,6663.09,168,23888.336287923845,1,11085.927272727273,30,23649.7976744186,1,791.8272727272727,0,0.0
144,1928833837.0,CCCA02,KRAFT  corporation,,2019,2/22/19,20190329,USD,16245.14,3/29/19 0:00,0,,2019-02-22,2019-03-29,2019-03-29,0.0,OnTime,AllSectors,35,16245.14,1,7003.636363636363,0,0.0,1,20640.0,0,0.0,0,0.0
145,1930476884.0,200744019,TARG corp,,2020,02/06/20,20200221,USD,46665.92,2/21/20 0:00,0,,2020-02-06,2020-02-21,2020-02-21,0.0,OnTime,AllSectors,15,46665.92,3,22686.08387096774,0,0.0,10,28943.765346534656,0,0.0,0,0.0
146,1928708954.0,200744019,TARG llc,,2019,1/31/19,20190215,USD,20463.04,2/19/19 0:00,0,,2019-01-31,2019-02-15,2019-02-19,4.0,Late,AllSectors,15,20463.04,0,0.0,0,0.0,2,66636.0476190476,0,0.0,0,0.0
147,1929725793.0,200759878,SA associates,,2019,08/09/19,20190824,USD,26097.25,8/27/19 0:00,0,,2019-08-09,2019-08-24,2019-08-27,3.0,Late,AllSectors,15,26097.25,0,0.0,4,67404.30731707318,12,36108.741322314054,0,0.0,0,0.0
149,1929956074.0,200739534,OK ,,2019,10/02/19,20191017,USD,19190.96,10/18/19 0:00,0,,2019-10-02,2019-10-17,2019-10-18,1.0,Late,AllSectors,15,19190.96,0,0.0,0,0.0,1,47228.55454545454,0,0.0,0,0.0
150,1929206084.0,200592182,DECA foundation,,2019,4/25/19,20190426,USD,7642.71,4/25/19 0:00,0,,2019-04-25,2019-04-26,2019-04-25,-1.0,Early,AllSectors,1,7642.71,1,3725.681818181818,0,0.0,0,0.0,0,0.0,0,0.0
151,1929248983.0,200229974,DARDEN D corp,,2019,05/02/19,20190517,USD,22759.63,5/15/19 0:00,0,,2019-05-02,2019-05-17,2019-05-15,-2.0,Early,AllSectors,15,22759.63,0,0.0,0,0.0,0,0.0,0,0.0,0,0.0
152,1930208800.0,200705742,DOT associates,,2019,12/05/19,20191220,USD,1683.46,12/20/19 0:00,0,,2019-12-05,2019-12-20,2019-12-20,0.0,OnTime,AllSectors,15,1683.46,9,29237.481318681323,4,8064.297560975611,2,15912.309523809523,0,0.0,0,0.0
153,1929378721.0,200803720,DEC llc,,2019,5/25/19,20190526,USD,320.06,5/25/19 0:00,0,,2019-05-25,2019-05-26,2019-05-25,-1.0,Early,AllSectors,1,320.06,4,4547.639024390244,0,0.0,0,0.0,0,0.0,0,0.0
154,2960544831.0,140105847,GORDON F llc,,2019,05/01/19,20190512,CAD,33523.0,5/13/19 0:00,0,,2019-05-01,2019-05-12,2019-05-13,1.0,Late,AllSectors,11,24471.79,0,0.0,0,0.0,0,0.0,0,0.0,0,0.0
155,1930410307.0,200769623,WAL-MAR corp,Retail,2020,1/17/20,20200201,USD,7040.6,02/03/20 0:00,0,,2020-01-17,2020-02-01,2020-02-03,2.0,Late,Retail,15,7040.6,169,23786.472028385564,1,11085.927272727273,30,23649.7976744186,1,791.8272727272727,0,0.0
156,1930272033.0,200965912,C&S W llc,,2019,12/13/19,20191228,USD,45235.58,12/30/19 0:00,0,,2019-12-13,2019-12-28,2019-12-30,2.0,Late,AllSectors,15,45235.58,0,0.0,0,0.0,0,0.0,0,0.0,0,0.0
157,1928557628.0,200759878,SA ,,2019,01/04/19,20190119,USD,13873.43,1/22/19 0:00,0,,2019-01-04,2019-01-19,2019-01-22,3.0,Late,AllSectors,15,13873.43,0,0.0,0,0.0,1,32017.60909090909,0,0.0,0,0.0
158,1929209707.0,200772670,ASSOCIAT ,,2019,4/25/19,20190510,USD,61001.54,5/13/19 0:00,0,,2019-04-25,2019-05-10,2019-05-13,3.0,Late,AllSectors,15,61001.54,3,55643.96129032257,1,24573.22727272727,4,57757.97317073171,0,0.0,0,0.0
159,1930558146.0,200769623,WAL-MAR llc,Retail,2020,2/25/20,20200311,USD,17479.1,03/06/20 0:00,0,,2020-02-25,2020-03-11,2020-03-06,-5.0,Early,Retail,15,17479.1,189,24005.209730301423,1,11085.927272727273,37,24627.481940700804,1,791.8272727272727,0,0.0
160,1929871957.0,200769623,WAL-MAR llc,Retail,2019,9/13/19,20190928,USD,28649.56,9/24/19 0:00,0,,2019-09-13,2019-09-28,2019-09-24,-4.0,Early,Retail,15,28649.56,107,23934.431279178323,1,11085.927272727273,18,24033.357458563536,1,791.8272727272727,0,0.0
161,1928598541.0,200780383,MEIJ us,,2019,01/09/19,20190124,USD,46474.49,1/28/19 0:00,0,,2019-01-09,2019-01-24,2019-01-28,4.0,Late,AllSectors,15,46474.49,0,0.0,0,0.0,0,0.0,0,0.0,0,0.0
162,1928556577.0,200759878,SA foundation,,2019,01/04/19,20190119,USD,14516.79,1/22/19 0:00,0,,2019-01-04,2019-01-19,2019-01-22,3.0,Late,AllSectors,15,14516.79,0,0.0,0,0.0,1,32017.60909090909,0,0.0,0,0.0
163,1929464440.0,200769623,WAL-MAR foundation,Retail,2019,06/11/19,20190626,USD,16101.13,6/21/19 0:00,0,,2019-06-11,2019-06-26,2019-06-21,-5.0,Early,Retail,15,16101.13,65,20008.224884792628,1,11085.927272727273,12,20537.457851239673,1,791.8272727272727,0,0.0
164,1930135532.0,200769369,DI ,,2019,11/11/19,20191126,USD,15258.5,11/26/19 0:00,0,,2019-11-11,2019-11-26,2019-11-26,0.0,OnTime,AllSectors,15,15258.5,0,0.0,0,0.0,3,37988.92258064516,0,0.0,0,0.0
165,1929961583.0,200769623,WAL-MAR ,Retail,2019,10/05/19,20191020,USD,69527.13,10/15/19 0:00,0,,2019-10-05,2019-10-20,2019-10-15,-5.0,Early,Retail,15,69527.13,116,23574.517398794134,1,11085.927272727273,20,21888.790049751246,1,791.8272727272727,0,0.0
166,1930038380.0,100043936,PAPA JO in,,2019,10/21/19,20191031,USD,15026.34,10/31/19 0:00,0,,2019-10-21,2019-10-31,2019-10-31,0.0,OnTime,AllSectors,10,15026.34,0,0.0,0,0.0,0,0.0,0,0.0,0,0.0
167,1928559607.0,200726979,BJ'S  ,,2019,01/04/19,20190119,USD,83081.83,1/22/19 0:00,0,,2019-01-04,2019-01-19,2019-01-22,3.0,Late,AllSectors,15,83081.83,0,0.0,0,0.0,0,0.0,0,0.0,0,0.0
168,2960551480.0,140106293,ATLANT llc,,2019,5/31/19,20190618,CAD,38.22,6/24/19 0:00,0,,2019-05-31,2019-06-18,2019-06-24,6.0,Late,AllSectors,18,27.900599999999997,0,0.0,0,0.0,0,0.0,0,0.0,0,0.0
169,1929143274.0,200794332,COST foundation,,2019,4/16/19,20190501,USD,20557.14,05/01/19 0:00,0,,2019-04-16,2019-05-01,2019-05-01,0.0,OnTime,AllSectors,15,20557.14,2,20499.290476190476,1,18688.30909090909,2,22460.428571428572,0,0.0,0,0.0
170,1929845219.0,200744019,TARG trust,,2019,09/07/19,20190922,USD,37071.97,10/02/19 0:00,0,,2019-09-07,2019-09-22,2019-10-02,10.0,Late,AllSectors,15,37071.97,3,22686.08387096774,0,0.0,7,33083.2014084507,0,0.0,0,0.0
171,1930154343.0,200769623,WAL-MAR us,Retail,2019,11/16/19,20191201,USD,13683.15,11/26/19 0:00,0,,2019-11-16,2019-12-01,2019-11-26,-5.0,Early,Retail,15,13683.15,138,23955.917958001435,1,11085.927272727273,24,24084.290871369296,1,791.8272727272727,0,0.0
172,1929171854.0,200900909,SYSCO trust,,2019,4/18/19,20190503,USD,9481.83,05/06/19 0:00,0,,2019-04-18,2019-05-03,2019-05-06,3.0,Late,AllSectors,15,9481.83,0,0.0,0,0.0,1,685.3363636363636,0,0.0,0,0.0
173,1930559676.0,200726979,BJ'S  systems,,2020,2/23/20,20200309,USD,344.27,03/09/20 0:00,0,,2020-02-23,2020-03-09,2020-03-09,0.0,OnTime,AllSectors,15,344.27,0,0.0,21,6667.830805687203,20,9633.343781094527,0,0.0,0,0.0
174,1929946267.0,200772670,ASSOCIAT ,,2019,10/03/19,20191018,USD,2254.37,10/18/19 0:00,0,,2019-10-03,2019-10-18,2019-10-18,0.0,OnTime,AllSectors,15,2254.37,3,55643.96129032257,3,30144.603225806448,9,44669.94065934066,0,0.0,0,0.0
175,1928798697.0,200726979,BJ'S  trust,,2019,2/14/19,20190301,USD,820.4,03/06/19 0:00,0,,2019-02-14,2019-03-01,2019-03-06,5.0,Late,AllSectors,15,820.4,0,0.0,0,0.0,3,27214.716129032262,0,0.0,0,0.0
176,1928698560.0,100031704,DELHAIZE systems,,2019,1/30/19,20190214,USD,17231.53,03/04/19 0:00,0,,2019-01-30,2019-02-14,2019-03-04,18.0,Late,AllSectors,15,17231.53,1,54502.93636363636,0,0.0,0,0.0,0,0.0,0,0.0
177,1928805869.0,200782001,GORDO us,,2019,2/20/19,20190307,USD,1591.96,3/13/19 0:00,0,,2019-02-20,2019-03-07,2019-03-13,6.0,Late,AllSectors,15,1591.96,0,0.0,0,0.0,0,0.0,0,0.0,0,0.0
179,1930410735.0,200759878,SA us,,2020,1/19/20,20200203,USD,38899.31,02/04/20 0:00,0,,2020-01-19,2020-02-03,2020-02-04,1.0,Late,AllSectors,15,38899.31,0,0.0,6,53266.14262295082,22,34235.38823529411,0,0.0,0,0.0
180,1930123212.0,200416837,DEC associates,,2019,11/07/19,20191124,USD,4819.24,11/18/19 0:00,0,,2019-11-07,2019-11-24,2019-11-18,-6.0,Early,AllSectors,17,4819.24,3,1447.625806451613,0,0.0,1,18961.081818181814,0,0.0,0,0.0
181,1929469272.0,200936373,SUPE ,,2019,06/11/19,20190626,USD,95073.2,6/27/19 0:00,0,,2019-06-11,2019-06-26,2019-06-27,1.0,Late,AllSectors,15,95073.2,0,0.0,1,8987.881818181817,1,13536.60909090909,0,0.0,0,0.0
182,1929534962.0,200719300,SYSTEMS co,,2019,6/26/19,20190716,USD,13859.37,7/17/19 0:00,0,,2019-06-26,2019-07-16,2019-07-17,1.0,Late,AllSectors,20,13859.37,0,0.0,0,0.0,0,0.0,0,0.0,0,0.0
183,1929024479.0,200416837,DEC us,,2019,3/25/19,20190323,USD,20857.19,3/25/19 0:00,0,,2019-03-25,2019-03-23,2019-03-25,2.0,Late,AllSectors,-2,20857.19,0,0.0,0,0.0,0,0.0,0,0.0,0,0.0
184,1930340699.0,200759878,SA co,,2020,01/02/20,20200117,USD,13768.73,1/21/20 0:00,0,,2020-01-02,2020-01-17,2020-01-21,4.0,Late,AllSectors,15,13768.73,0,0.0,6,53266.14262295082,21,35205.37203791468,0,0.0,0,0.0
185,1929616920.0,200759878,SA in,,2019,7/13/19,20190728,USD,82605.09,7/29/19 0:00,0,,2019-07-13,2019-07-28,2019-07-29,1.0,Late,AllSectors,15,82605.09,0,0.0,3,62629.354838709674,9,29989.127472527474,0,0.0,0,0.0
186,1991834320.0,CC6050,HEIN corporation,,2019,11/01/19,20191216,USD,6377.39,11/24/19 0:00,0,,2019-11-01,2019-12-16,2019-11-24,-22.0,Early,AllSectors,45,6377.39,0,0.0,0,0.0,0,0.0,2,14328.061904761904,0,0.0
187,1930517452.0,200580232,INTERR llc,,2020,02/11/20,20200221,USD,42383.25,2/26/20 0:00,0,,2020-02-11,2020-02-21,2020-02-26,5.0,Late,AllSectors,10,42383.25,0,0.0,1,38537.545454545456,0,0.0,0,0.0,0,0.0
189,1929932462.0,200769623,WAL-MAR co,Retail,2019,9/27/19,20191012,USD,1735.16,10/15/19 0:00,0,,2019-09-27,2019-10-12,2019-10-15,3.0,Late,Retail,15,1735.16,109,24251.933822181476,1,11085.927272727273,18,24033.357458563536,1,791.8272727272727,0,0.0
190,1928601558.0,200555117,BURR corp,,2019,01/11/19,20190126,USD,475.69,1/28/19 0:00,0,,2019-01-11,2019-01-26,2019-01-28,2.0,Late,AllSectors,15,475.69,0,0.0,0,0.0,0,0.0,0,0.0,0,0.0
191,1930161289.0,200772670,ASSOCIAT associates,,2019,11/16/19,20191201,USD,58990.76,12/04/19 0:00,0,,2019-11-16,2019-12-01,2019-12-04,3.0,Late,AllSectors,15,58990.76,3,55643.96129032257,4,23342.107317073172,11,43213.38738738739,0,0.0,0,0.0
192,1930164424.0,200769623,WAL-MAR corporation,Retail,2019,11/19/19,20191204,USD,12591.43,12/06/19 0:00,0,,2019-11-19,2019-12-04,2019-12-06,2.0,Late,Retail,15,12591.43,139,23882.06628324945,1,11085.927272727273,24,24084.290871369296,1,791.8272727272727,0,0.0
194,1929808599.0,200769623,WAL-MAR corporation,Retail,2019,8/30/19,20190914,USD,48398.85,09/10/19 0:00,0,,2019-08-30,2019-09-14,2019-09-10,-4.0,Early,Retail,15,48398.85,105,23926.142721217875,1,11085.927272727273,18,24033.357458563536,1,791.8272727272727,0,0.0
195,1930049347.0,200769623,WAL-MAR corporation,Retail,2019,10/25/19,20191109,USD,14752.57,11/05/19 0:00,0,,2019-10-25,2019-11-09,2019-11-05,-4.0,Early,Retail,15,14752.57,125,23865.680255795356,1,11085.927272727273,22,25025.67285067873,1,791.8272727272727,0,0.0
196,1929011636.0,100032284,KEURIG co,,2019,3/24/19,20190503,USD,8972.99,8/28/19 0:00,0,,2019-03-24,2019-05-03,2019-08-28,117.0,CriticallyLate,AllSectors,40,8972.99,0,0.0,0,0.0,0,0.0,0,0.0,0,0.0
198,1929034563.0,200974851,RESTA foundation,,2019,3/26/19,20190410,USD,1686.74,04/10/19 0:00,0,,2019-03-26,2019-04-10,2019-04-10,0.0,OnTime,AllSectors,15,1686.74,0,0.0,0,0.0,0,0.0,0,0.0,0,0.0
201,1930189538.0,200769623,WAL-MAR corp,Retail,2019,11/25/19,20191210,USD,22096.07,12/05/19 0:00,0,,2019-11-25,2019-12-10,2019-12-05,-5.0,Early,Retail,15,22096.07,140,23720.48765167736,1,11085.927272727273,25,23626.40796812749,1,791.8272727272727,0,0.0
202,1991822256.0,CC6050,HEIN systems,,2019,2/15/19,20190401,USD,14278.48,06/12/19 0:00,0,,2019-02-15,2019-04-01,2019-06-12,72.0,VeryLate,AllSectors,45,14278.48,0,0.0,0,0.0,0,0.0,1,14373.136363636364,0,0.0
204,1929336201.0,200769623,WAL-MAR us,Retail,2019,5/18/19,20190602,USD,7000.45,5/29/19 0:00,0,,2019-05-18,2019-06-02,2019-05-29,-4.0,Early,Retail,15,7000.45,55,19069.42649727768,1,11085.927272727273,8,17723.343209876544,1,791.8272727272727,0,0.0
205,1929814680.0,200705742,DOT co,,2019,8/30/19,20191003,USD,48806.26,9/16/19 0:00,0,,2019-08-30,2019-10-03,2019-09-16,-17.0,Early,AllSectors,34,48806.26,4,3026.3414634146343,3,8635.535483870968,2,15912.309523809523,0,0.0,0,0.0
206,1930052782.0,200704858,WAKE llc,,2019,10/27/19,20191111,USD,29929.01,12/06/19 0:00,0,,2019-10-27,2019-11-11,2019-12-06,25.0,Late,AllSectors,15,29929.01,2,136292.6761904762,1,15927.381818181815,1,64644.43636363636,0,0.0,0,0.0
207,1930532180.0,200794332,COST in,,2020,2/20/20,20200306,USD,6681.26,03/09/20 0:00,0,,2020-02-20,2020-03-06,2020-03-09,3.0,Late,AllSectors,15,6681.26,12,36769.79421487603,6,17617.65081967213,5,19066.343137254906,0,0.0,0,0.0
208,1929803068.0,200792293,UNIFIE trust,,2019,8/28/19,20190912,USD,19170.69,9/13/19 0:00,0,,2019-08-28,2019-09-12,2019-09-13,1.0,Late,AllSectors,15,19170.69,0,0.0,1,33059.781818181815,1,104058.4,0,0.0,0,0.0
209,1930510996.0,200794332,COST llc,,2020,02/12/20,20200227,USD,98321.98,2/26/20 0:00,0,,2020-02-12,2020-02-27,2020-02-26,-1.0,Early,AllSectors,15,98321.98,11,31224.552252252255,6,17617.65081967213,5,19066.343137254906,0,0.0,0,0.0
210,1929516466.0,200781831,RITE associates,,2019,6/19/19,20190704,USD,89474.22,07/05/19 0:00,0,,2019-06-19,2019-07-04,2019-07-05,1.0,Late,AllSectors,15,89474.22,0,0.0,0,0.0,0,0.0,0,0.0,0,0.0
211,1930185198.0,200769623,WAL-MAR ,Retail,2019,11/23/19,20191208,USD,1244.9,12/04/19 0:00,0,,2019-11-23,2019-12-08,2019-12-04,-4.0,Early,Retail,15,1244.9,139,23882.06628324945,1,11085.927272727273,25,23626.40796812749,1,791.8272727272727,0,0.0
212,1929346234.0,200711029,WEGMAN in,,2019,5/19/19,20190603,USD,19496.39,06/03/19 0:00,0,,2019-05-19,2019-06-03,2019-06-03,0.0,OnTime,AllSectors,15,19496.39,0,0.0,1,5886.863636363636,0,0.0,0,0.0,0,0.0
213,1929951641.0,200936373,SUPE associates,,2019,10/01/19,20191016,USD,136.08,10/17/19 0:00,0,,2019-10-01,2019-10-16,2019-10-17,1.0,Late,AllSectors,15,136.08,0,0.0,2,28117.819047619047,4,69229.46097560978,0,0.0,0,0.0
216,1928594727.0,100033439,WESTI corporation,,2019,01/11/19,20190121,USD,20367.5,1/18/19 0:00,0,,2019-01-11,2019-01-21,2019-01-18,-3.0,Early,AllSectors,10,20367.5,0,0.0,0,0.0,0,0.0,0,0.0,0,0.0
217,2960596502.0,140104340,COLABOR  foundation,,2019,11/27/19,20191209,CAD,58.08,12/12/19 0:00,0,,2019-11-27,2019-12-09,2019-12-12,3.0,Late,AllSectors,12,42.398399999999995,4,35739.81219512195,0,0.0,3,19043.287096774195,1,6162.818181818182,0,0.0
218,1991836688.0,100036060,PANAMEX  corporation,,2020,01/06/20,20200306,USD,24643.72,3/17/20 0:00,0,,2020-01-06,2020-03-06,2020-03-17,11.0,Late,AllSectors,60,24643.72,0,0.0,0,0.0,0,0.0,0,0.0,0,0.0
219,1930333198.0,200794332,COST systems,,2020,01/02/20,20200117,USD,20557.14,1/17/20 0:00,0,,2020-01-02,2020-01-17,2020-01-17,0.0,OnTime,AllSectors,15,20557.14,10,29876.434653465345,4,12959.068292682929,5,19066.343137254906,0,0.0,0,0.0
220,2960540514.0,140106408,WAL-M co,,2019,04/07/19,20190417,CAD,9536.62,4/25/19 0:00,0,,2019-04-07,2019-04-17,2019-04-25,8.0,Late,AllSectors,10,6961.7326,0,0.0,0,0.0,1,41607.55454545454,0,0.0,0,0.0
221,1930034353.0,200749782,KROG corp,,2019,10/20/19,20191104,USD,8301.45,11/04/19 0:00,0,,2019-10-20,2019-11-04,2019-11-04,0.0,OnTime,AllSectors,15,8301.45,0,0.0,2,47470.27619047619,1,23390.172727272726,0,0.0,0,0.0
222,1928600406.0,200769623,WAL-MAR systems,Retail,2019,01/12/19,20190127,USD,15823.03,1/23/19 0:00,0,,2019-01-12,2019-01-27,2019-01-23,-4.0,Early,Retail,15,15823.03,4,22928.37073170732,0,0.0,0,0.0,0,0.0,0,0.0
223,1929050506.0,200526831,PERISH ,,2019,3/28/19,20190412,USD,134457.26,04/11/19 0:00,0,,2019-03-28,2019-04-12,2019-04-11,-1.0,Early,AllSectors,15,134457.26,0,0.0,0,0.0,0,0.0,0,0.0,0,0.0
224,1929647276.0,200418007,AM ,,2019,7/26/19,20190810,USD,3476.52,08/12/19 0:00,0,,2019-07-26,2019-08-10,2019-08-12,2.0,Late,AllSectors,15,3476.52,1,66110.07272727272,1,381.8181818181818,2,4049.47619047619,0,0.0,0,0.0
225,1930348025.0,200779111,NICH corp,,2020,01/03/20,20200118,USD,495.86,1/24/20 0:00,0,,2020-01-03,2020-01-18,2020-01-24,6.0,Late,AllSectors,15,495.86,1,31866.20909090909,0,0.0,0,0.0,0,0.0,0,0.0
226,1930036604.0,200418007,AM llc,,2019,10/21/19,20191105,USD,642.24,11/05/19 0:00,0,,2019-10-21,2019-11-05,2019-11-05,0.0,OnTime,AllSectors,15,642.24,1,66110.07272727272,1,381.8181818181818,3,3864.6516129032257,0,0.0,0,0.0
227,1930201601.0,200769623,WAL-MAR us,Retail,2019,11/29/19,20191214,USD,16907.57,12/10/19 0:00,0,,2019-11-29,2019-12-14,2019-12-10,-4.0,Early,Retail,15,16907.57,142,23754.39254046445,1,11085.927272727273,26,23470.657471264363,1,791.8272727272727,0,0.0
228,1929238578.0,100031704,DELHAIZE corporation,,2019,05/03/19,20190518,USD,51147.1,5/17/19 0:00,0,,2019-05-03,2019-05-18,2019-05-17,-1.0,Early,AllSectors,15,51147.1,1,54502.93636363636,2,11590.32857142857,2,26661.87619047619,0,0.0,0,0.0
230,1930022059.0,200353024,DECA llc,,2019,10/18/19,20191108,USD,6733.93,11/01/19 0:00,0,,2019-10-18,2019-11-08,2019-11-01,-7.0,Early,AllSectors,21,6733.93,4,114.2048780487805,0,0.0,0,0.0,0,0.0,0,0.0
231,1929576790.0,200769623,WAL-MAR co,Retail,2019,07/05/19,20190720,USD,44952.8,7/16/19 0:00,0,,2019-07-05,2019-07-20,2019-07-16,-4.0,Early,Retail,15,44952.8,78,22200.330217669652,1,11085.927272727273,14,21987.720567375887,1,791.8272727272727,0,0.0
232,1928858925.0,200353024,DECA corp,,2019,2/26/19,20190311,USD,49.44,03/04/19 0:00,0,,2019-02-26,2019-03-11,2019-03-04,-7.0,Early,AllSectors,13,49.44,0,0.0,0,0.0,0,0.0,0,0.0,0,0.0
233,1928892907.0,200418007,AM llc,,2019,03/04/19,20190508,USD,72721.08,3/25/19 0:00,0,,2019-03-04,2019-05-08,2019-03-25,-44.0,Early,AllSectors,65,72721.08,0,0.0,1,381.8181818181818,1,7081.872727272727,0,0.0,0,0.0
234,1929566088.0,200793568,SUPE trust,,2019,07/01/19,20190716,USD,54073.74,7/17/19 0:00,0,,2019-07-01,2019-07-16,2019-07-17,1.0,Late,AllSectors,15,54073.74,1,5557.263636363636,0,0.0,1,9239.063636363635,0,0.0,0,0.0
235,1929028520.0,200696090,UNITE in,,2019,3/28/19,20190412,USD,3329.23,04/12/19 0:00,0,,2019-03-28,2019-04-12,2019-04-12,0.0,OnTime,AllSectors,15,3329.23,0,0.0,1,6863.018181818181,0,0.0,0,0.0,0,0.0
236,1930432656.0,200769623,WAL-MAR co,Retail,2020,1/24/20,20200208,USD,2416.07,02/10/20 0:00,0,,2020-01-24,2020-02-08,2020-02-10,2.0,Late,Retail,15,2416.07,173,23708.592720970533,1,11085.927272727273,31,23115.739871382633,1,791.8272727272727,0,0.0
238,1930560062.0,200769623,WAL-MAR us,Retail,2020,2/24/20,20200310,USD,3703.19,03/05/20 0:00,0,,2020-02-24,2020-03-10,2020-03-05,-5.0,Early,Retail,15,3703.19,187,23970.869107429186,1,11085.927272727273,37,24627.481940700804,1,791.8272727272727,0,0.0
239,1929418393.0,200769623,WAL-MAR ,Retail,2019,06/02/19,20190617,USD,39293.61,06/12/19 0:00,0,,2019-06-02,2019-06-17,2019-06-12,-5.0,Early,Retail,15,39293.61,60,19476.552079866884,1,11085.927272727273,11,22015.60900900901,1,791.8272727272727,0,0.0
240,2960608629.0,140104409,LOB corporation,,2020,1/20/20,20200130,CAD,56042.28,1/31/20 0:00,0,,2020-01-20,2020-01-30,2020-01-31,1.0,Late,AllSectors,10,40910.8644,0,0.0,1,80394.43636363636,3,180017.18064516128,0,0.0,0,0.0
241,1929426630.0,200769623,WAL-MAR us,Retail,2019,06/05/19,20190620,USD,26666.4,6/17/19 0:00,0,,2019-06-05,2019-06-20,2019-06-17,-3.0,Early,Retail,15,26666.4,62,20161.621739130434,1,11085.927272727273,12,20537.457851239673,1,791.8272727272727,0,0.0
243,1930204525.0,200763814,SYSCO F corp,,2019,11/29/19,20191219,USD,24209.83,12/20/19 0:00,0,,2019-11-29,2019-12-19,2019-12-20,1.0,Late,AllSectors,20,24209.83,1,2677.2454545454543,0,0.0,1,5473.136363636363,0,0.0,0,0.0
244,1928678690.0,200769369,DI systems,,2019,1/25/19,20190209,USD,11523.97,02/11/19 0:00,0,,2019-01-25,2019-02-09,2019-02-11,2.0,Late,AllSectors,15,11523.97,0,0.0,0,0.0,0,0.0,0,0.0,0,0.0
245,2960594416.0,140104429,COSTCO co,,2019,11/19/19,20191207,CAD,92913.93,12/12/19 0:00,0,,2019-11-19,2019-12-07,2019-12-12,5.0,Late,AllSectors,18,67827.16889999999,1,87761.91818181818,0,0.0,5,32828.16666666667,0,0.0,0,0.0
246,1929806622.0,200794332,COST foundation,,2019,8/30/19,20190914,USD,7884.97,9/13/19 0:00,0,,2019-08-30,2019-09-14,2019-09-13,-1.0,Early,AllSectors,15,7884.97,6,25662.603278688526,4,12959.068292682929,3,25472.81612903226,0,0.0,0,0.0
247,1930199780.0,200769623,WAL-MAR corp,Retail,2019,11/28/19,20191213,USD,30162.79,12/09/19 0:00,0,,2019-11-28,2019-12-13,2019-12-09,-4.0,Early,Retail,15,30162.79,141,23708.975124025503,1,11085.927272727273,26,23470.657471264363,1,791.8272727272727,0,0.0
248,2960591518.0,140104340,COLABOR  llc,,2019,11/05/19,20191117,CAD,2155.28,11/14/19 0:00,0,,2019-11-05,2019-11-17,2019-11-14,-3.0,Early,AllSectors,12,1573.3544000000002,2,14658.885714285714,0,0.0,3,19043.287096774195,1,6162.818181818182,0,0.0
249,1930460093.0,100001196,DOLLAR systems,,2020,02/01/20,20200216,USD,20217.6,2/13/20 0:00,0,,2020-02-01,2020-02-16,2020-02-13,-3.0,Early,AllSectors,15,20217.6,0,0.0,0,0.0,2,9146.433333333332,0,0.0,0,0.0
250,1929193901.0,200742791,QUI us,,2019,4/24/19,20190509,USD,23150.75,5/13/19 0:00,0,,2019-04-24,2019-05-09,2019-05-13,4.0,Late,AllSectors,15,23150.75,0,0.0,0,0.0,0,0.0,0,0.0,0,0.0
251,1928794914.0,200769623,WAL-MAR in,Retail,2019,2/15/19,20190302,USD,43371.16,2/26/19 0:00,0,,2019-02-15,2019-03-02,2019-02-26,-4.0,Early,Retail,15,43371.16,21,15311.995260663502,0,0.0,5,20496.254901960787,1,791.8272727272727,0,0.0
252,1929738047.0,100036292,AMY llc,,2019,08/12/19,20190828,USD,17336.04,09/10/19 0:00,0,,2019-08-12,2019-08-28,2019-09-10,13.0,Late,AllSectors,16,17336.04,0,0.0,0,0.0,0,0.0,0,0.0,0,0.0
253,1929340338.0,200769623,WAL-MAR co,Retail,2019,5/18/19,20190602,USD,53750.69,06/04/19 0:00,0,,2019-05-18,2019-06-02,2019-06-04,2.0,Late,Retail,15,53750.69,55,19069.42649727768,1,11085.927272727273,8,17723.343209876544,1,791.8272727272727,0,0.0
255,1928680220.0,200705742,DOT ,,2019,1/24/19,20190213,USD,113.47,2/13/19 0:00,0,,2019-01-24,2019-02-13,2019-02-13,0.0,OnTime,AllSectors,20,113.47,0,0.0,0,0.0,0,0.0,0,0.0,0,0.0
256,1929375445.0,CCCA02,KRAFT  foundation,,2019,06/02/19,20190707,USD,74819.57,08/02/19 0:00,0,,2019-06-02,2019-07-07,2019-08-02,26.0,Late,AllSectors,35,74819.57,1,7003.636363636363,1,14768.30909090909,4,15038.624390243904,0,0.0,0,0.0
257,1930058227.0,200707822,PUBLI systems,,2019,10/28/19,20191112,USD,22990.16,11/12/19 0:00,0,,2019-10-28,2019-11-12,2019-11-12,0.0,OnTime,AllSectors,15,22990.16,0,0.0,2,85423.72380952381,5,82578.71176470589,1,9044.581818181818,0,0.0
259,1928552950.0,200762301,C&S WH trust,,2019,01/03/19,20190118,USD,5595.12,1/18/19 0:00,0,,2019-01-03,2019-01-18,2019-01-18,0.0,OnTime,AllSectors,15,5595.12,0,0.0,0,0.0,0,0.0,0,0.0,0,0.0
261,1929071019.0,CCCA02,KRAFT  ,,2019,04/04/19,20190509,USD,1264.16,5/31/19 0:00,0,,2019-04-04,2019-05-09,2019-05-31,22.0,Late,AllSectors,35,1264.16,1,7003.636363636363,1,14768.30909090909,1,20640.0,0,0.0,0,0.0
262,1928534990.0,CCU013,KRAFT F foundation,,2019,01/01/19,20190101,USD,3195.37,03/01/19 0:00,0,,2019-01-01,2019-01-01,2019-03-01,59.0,VeryLate,AllSectors,0,3195.37,0,0.0,0,0.0,0,0.0,0,0.0,0,0.0
263,1930245162.0,200769623,WAL-MAR corp,Retail,2019,12/09/19,20191224,USD,15804.65,12/20/19 0:00,0,,2019-12-09,2019-12-24,2019-12-20,-4.0,Early,Retail,15,15804.65,149,23885.63024815559,1,11085.927272727273,29,24292.270790378003,1,791.8272727272727,0,0.0
266,1929315413.0,200704858,WAKE us,,2019,5/14/19,20190529,USD,17520.12,5/29/19 0:00,0,,2019-05-14,2019-05-29,2019-05-29,0.0,OnTime,AllSectors,15,17520.12,0,0.0,0,0.0,0,0.0,0,0.0,0,0.0
267,1928964353.0,200771157,WEIS systems,,2019,3/15/19,20190519,USD,3490.87,5/20/19 0:00,0,,2019-03-15,2019-05-19,2019-05-20,1.0,Late,AllSectors,65,3490.87,0,0.0,0,0.0,1,60473.0909090909,0,0.0,0,0.0
269,2960608664.0,140105847,GORDON F associates,,2020,1/23/20,20200210,CAD,67110.85,02/10/20 0:00,0,,2020-01-23,2020-02-10,2020-02-10,0.0,OnTime,AllSectors,18,48990.9205,0,0.0,0,0.0,3,29373.596774193546,0,0.0,0,0.0
270,1930048137.0,200466603,SMITH'S in,,2019,10/23/19,20191107,USD,96922.79,11/07/19 0:00,0,,2019-10-23,2019-11-07,2019-11-07,0.0,OnTime,AllSectors,15,96922.79,0,0.0,2,108501.7,0,0.0,0,0.0,0,0.0
271,1929769590.0,200718130,SYSCO F systems,,2019,8/20/19,20190904,USD,2407.15,09/03/19 0:00,0,,2019-08-20,2019-09-04,2019-09-03,-1.0,Early,AllSectors,15,2407.15,0,0.0,0,0.0,0,0.0,0,0.0,0,0.0
273,1929734214.0,200769623,WAL-MAR corp,Retail,2019,08/12/19,20190827,USD,1897.5,8/26/19 0:00,0,,2019-08-12,2019-08-27,2019-08-26,-1.0,Early,Retail,15,1897.5,93,23241.50128893662,1,11085.927272727273,18,24033.357458563536,1,791.8272727272727,0,0.0
274,1929511102.0,200769623,WAL-MAR corp,Retail,2019,6/19/19,20190704,USD,14232.21,07/05/19 0:00,0,,2019-06-19,2019-07-04,2019-07-05,1.0,Late,Retail,15,14232.21,71,20287.749226441625,1,11085.927272727273,12,20537.457851239673,1,791.8272727272727,0,0.0
276,1929820815.0,200915438,GROC corporation,,2019,09/03/19,20190918,USD,15925.12,9/18/19 0:00,0,,2019-09-03,2019-09-18,2019-09-18,0.0,OnTime,AllSectors,15,15925.12,0,0.0,1,6592.272727272727,0,0.0,0,0.0,0,0.0
278,1929822240.0,200759878,SA foundation,,2019,09/04/19,20190919,USD,15725.29,9/19/19 0:00,0,,2019-09-04,2019-09-19,2019-09-19,0.0,OnTime,AllSectors,15,15725.29,0,0.0,5,60627.09411764707,15,36140.42649006623,0,0.0,0,0.0
279,1929488338.0,200729942,SA trust,,2019,6/20/19,20190705,USD,7224.52,07/02/19 0:00,0,,2019-06-20,2019-07-05,2019-07-02,-3.0,Early,AllSectors,15,7224.52,1,2840.636363636363,0,0.0,1,5183.290909090909,0,0.0,0,0.0
280,1929613613.0,200726979,BJ'S  systems,,2019,07/04/19,20190719,USD,510.06,7/19/19 0:00,0,,2019-07-04,2019-07-19,2019-07-19,0.0,OnTime,AllSectors,15,510.06,0,0.0,11,10120.578378378379,13,14516.26717557252,0,0.0,0,0.0
281,1930440487.0,200769623,WAL-MAR llc,Retail,2020,1/27/20,20200211,USD,36211.47,02/12/20 0:00,0,,2020-01-27,2020-02-11,2020-02-12,1.0,Late,Retail,15,36211.47,177,23859.43083003952,1,11085.927272727273,33,23431.687613293045,1,791.8272727272727,0,0.0
282,1929147802.0,200769623,WAL-MAR trust,Retail,2019,4/17/19,20190502,USD,16793.1,4/29/19 0:00,0,,2019-04-17,2019-05-02,2019-04-29,-3.0,Early,Retail,15,16793.1,43,21267.493039443158,0,0.0,7,20161.547887323944,1,791.8272727272727,0,0.0
283,1928607776.0,200769623,WAL-MAR corp,Retail,2019,01/12/19,20190127,USD,2974.01,1/23/19 0:00,0,,2019-01-12,2019-01-27,2019-01-23,-4.0,Early,Retail,15,2974.01,4,22928.37073170732,0,0.0,0,0.0,0,0.0,0,0.0
284,1930277360.0,200794332,COST co,,2019,12/16/19,20191231,USD,61646.9,12/30/19 0:00,0,,2019-12-16,2019-12-31,2019-12-30,-1.0,Early,AllSectors,15,61646.9,9,26385.17472527473,4,12959.068292682929,5,19066.343137254906,0,0.0,0,0.0
285,1930390589.0,200772670,ASSOCIAT us,,2020,01/11/20,20200126,USD,52396.08,1/28/20 0:00,0,,2020-01-11,2020-01-26,2020-01-28,2.0,Late,AllSectors,15,52396.08,3,55643.96129032257,4,23342.107317073172,13,41305.300763358784,0,0.0,0,0.0
286,1929360520.0,200942148,BRADY trust,,2019,5/22/19,20190621,USD,16912.8,10/10/19 0:00,0,,2019-05-22,2019-06-21,2019-10-10,111.0,CriticallyLate,AllSectors,30,16912.8,0,0.0,0,0.0,0,0.0,0,0.0,0,0.0
287,1929793257.0,200744019,TARG ,,2019,8/30/19,20191103,USD,245.54,10/30/19 0:00,0,,2019-08-30,2019-11-03,2019-10-30,-4.0,Early,AllSectors,65,245.54,2,33372.05714285714,0,0.0,7,33083.2014084507,0,0.0,0,0.0
289,1929767260.0,200712105,WALG associates,,2019,8/20/19,20190904,USD,16930.48,09/06/19 0:00,0,,2019-08-20,2019-09-04,2019-09-06,2.0,Late,AllSectors,15,16930.48,0,0.0,1,44166.52727272727,1,11580.709090909091,0,0.0,0,0.0
290,1930558928.0,200769623,WAL-MAR corp,Retail,2020,2/23/20,20200309,USD,14949.55,03/05/20 0:00,0,,2020-02-23,2020-03-09,2020-03-05,-4.0,Early,Retail,15,14949.55,186,24019.34476088125,1,11085.927272727273,37,24627.481940700804,1,791.8272727272727,0,0.0
291,1928613471.0,200769623,WAL-MAR us,Retail,2019,1/14/19,20190129,USD,29880.86,1/24/19 0:00,0,,2019-01-14,2019-01-29,2019-01-24,-5.0,Early,Retail,15,29880.86,8,19865.988888888893,0,0.0,0,0.0,0,0.0,0,0.0
292,1929410604.0,200705742,DOT corporation,,2019,5/31/19,20190704,USD,2960.57,6/17/19 0:00,0,,2019-05-31,2019-07-04,2019-06-17,-17.0,Early,AllSectors,34,2960.57,1,3320.3090909090906,3,8635.535483870968,1,10420.172727272728,0,0.0,0,0.0
293,1928765679.0,200148860,DOLLA trust,,2019,02/10/19,20190225,USD,18126.73,2/25/19 0:00,0,,2019-02-10,2019-02-25,2019-02-25,0.0,OnTime,AllSectors,15,18126.73,0,0.0,0,0.0,0,0.0,0,0.0,0,0.0
294,1930495603.0,200769623,WAL-MAR foundation,Retail,2020,02/08/20,20200223,USD,72955.78,2/19/20 0:00,0,,2020-02-08,2020-02-23,2020-02-19,-4.0,Early,Retail,15,72955.78,179,23715.4688442211,1,11085.927272727273,35,25082.993162393155,1,791.8272727272727,0,0.0
296,1930364627.0,200762301,C&S WH foundation,,2020,01/08/20,20200123,USD,20211.37,1/23/20 0:00,0,,2020-01-08,2020-01-23,2020-01-23,0.0,OnTime,AllSectors,15,20211.37,3,13575.62258064516,5,69920.16470588236,5,33451.18235294118,0,0.0,0,0.0
297,1929114789.0,200769623,WAL-MAR co,Retail,2019,04/12/19,20190427,USD,58082.83,4/23/19 0:00,0,,2019-04-12,2019-04-27,2019-04-23,-4.0,Early,Retail,15,58082.83,40,19641.400249376562,0,0.0,7,20161.547887323944,1,791.8272727272727,0,0.0
298,1929393896.0,200726979,BJ'S  corporation,,2019,5/27/19,20190611,USD,59.16,06/11/19 0:00,0,,2019-05-27,2019-06-11,2019-06-11,0.0,OnTime,AllSectors,15,59.16,0,0.0,6,18213.40655737705,8,10730.02962962963,0,0.0,0,0.0
299,2960572721.0,140105686,SYSC ,,2019,08/12/19,20190823,CAD,28812.25,8/29/19 0:00,0,,2019-08-12,2019-08-23,2019-08-29,6.0,Late,AllSectors,11,21032.9425,0,0.0,0,0.0,6,26733.79672131148,0,0.0,0,0.0
300,1930042115.0,200769623,WAL-MAR associates,Retail,2019,10/22/19,20191106,USD,55286.67,11/12/19 0:00,0,,2019-10-22,2019-11-06,2019-11-12,6.0,Late,Retail,15,55286.67,125,23865.680255795356,1,11085.927272727273,21,23591.502369668247,1,791.8272727272727,0,0.0
302,1929142119.0,200526831,PERISH corporation,,2019,4/13/19,20190428,USD,110103.7,4/29/19 0:00,0,,2019-04-13,2019-04-28,2019-04-29,1.0,Late,AllSectors,15,110103.7,1,122233.87272727273,0,0.0,0,0.0,0,0.0,0,0.0
303,1929514341.0,200230690,DECA corporation,,2019,6/19/19,20190623,USD,4698.17,6/25/19 0:00,0,,2019-06-19,2019-06-23,2019-06-25,2.0,Late,AllSectors,4,4698.17,2,1687.4666666666665,0,0.0,0,0.0,0,0.0,0,0.0
304,1930480945.0,200936373,SUPE llc,,2020,02/06/20,20200221,USD,73644.11,2/21/20 0:00,0,,2020-02-06,2020-02-21,2020-02-21,0.0,OnTime,AllSectors,15,73644.11,0,0.0,3,36223.87096774193,5,55681.73921568628,0,0.0,0,0.0
305,1930032421.0,200706844,WINC systems,,2019,10/21/19,20191105,USD,17741.14,11/05/19 0:00,0,,2019-10-21,2019-11-05,2019-11-05,0.0,OnTime,AllSectors,15,17741.14,0,0.0,0,0.0,2,737.9714285714285,1,524.4363636363636,0,0.0
306,2960554732.0,140105686,SYSC systems,,2019,6/13/19,20190629,CAD,73283.45,07/04/19 0:00,0,,2019-06-13,2019-06-29,2019-07-04,5.0,Late,AllSectors,16,53496.9185,0,0.0,0,0.0,4,21488.43902439025,0,0.0,0,0.0
307,1929239096.0,200769623,WAL-MAR in,Retail,2019,05/03/19,20190518,USD,15872.12,5/14/19 0:00,0,,2019-05-03,2019-05-18,2019-05-14,-4.0,Early,Retail,15,15872.12,50,20057.34690618763,1,11085.927272727273,8,17723.343209876544,1,791.8272727272727,0,0.0
308,1929808011.0,200769623,WAL-MAR co,Retail,2019,8/28/19,20190912,USD,44874.28,09/10/19 0:00,0,,2019-08-28,2019-09-12,2019-09-10,-2.0,Early,Retail,15,44874.28,104,23724.91181556195,1,11085.927272727273,18,24033.357458563536,1,791.8272727272727,0,0.0
309,1930092399.0,200769623,WAL-MAR foundation,Retail,2019,11/03/19,20191118,USD,13.65,11/21/19 0:00,0,,2019-11-03,2019-11-18,2019-11-21,3.0,Late,Retail,15,13.65,129,23963.050116188995,1,11085.927272727273,23,25126.30995670996,1,791.8272727272727,0,0.0
310,1930346915.0,200780383,MEIJ in,,2020,01/03/20,20200118,USD,54614.3,1/21/20 0:00,0,,2020-01-03,2020-01-18,2020-01-21,3.0,Late,AllSectors,15,54614.3,0,0.0,4,39590.6756097561,6,57891.94426229508,0,0.0,0,0.0
313,1930203208.0,200769623,WAL-MAR co,Retail,2019,11/29/19,20191214,USD,39409.42,12/10/19 0:00,0,,2019-11-29,2019-12-14,2019-12-10,-4.0,Early,Retail,15,39409.42,142,23754.39254046445,1,11085.927272727273,26,23470.657471264363,1,791.8272727272727,0,0.0
315,2960572249.0,140105785,SHOPPE us,,2019,08/12/19,20190830,CAD,18913.86,09/03/19 0:00,0,,2019-08-12,2019-08-30,2019-09-03,4.0,Late,AllSectors,18,13807.1178,0,0.0,0,0.0,0,0.0,0,0.0,0,0.0
316,1930560801.0,200726979,BJ'S  ,,2020,2/24/20,20200310,USD,68.91,03/10/20 0:00,0,,2020-02-24,2020-03-10,2020-03-10,0.0,OnTime,AllSectors,15,68.91,0,0.0,22,6381.696832579184,20,9633.343781094527,0,0.0,0,0.0
317,1929599319.0,200287284,CALIFO associates,,2019,07/09/19,20190808,USD,535045.04,8/23/19 0:00,0,,2019-07-09,2019-08-08,2019-08-23,15.0,Late,AllSectors,30,535045.04,0,0.0,0,0.0,0,0.0,0,0.0,0,0.0
318,1928541038.0,200769623,WAL-MAR foundation,Retail,2019,12/30/18,20190114,USD,20695.38,01/09/19 0:00,0,,2018-12-30,2019-01-14,2019-01-09,-5.0,Early,Retail,15,20695.38,0,0.0,0,0.0,0,0.0,0,0.0,0,0.0
320,1930380953.0,200573068,GROCE corporation,,2020,01/09/20,20200124,USD,19020.02,1/24/20 0:00,0,,2020-01-09,2020-01-24,2020-01-24,0.0,OnTime,AllSectors,15,19020.02,0,0.0,1,15876.363636363634,0,0.0,0,0.0,0,0.0
321,1929715562.0,200803720,DEC corporation,,2019,08/07/19,20190824,USD,383.64,8/16/19 0:00,0,,2019-08-07,2019-08-24,2019-08-16,-8.0,Early,AllSectors,17,383.64,6,3157.3836065573773,0,0.0,0,0.0,0,0.0,0,0.0
322,1930048217.0,200078795,H T H corp,,2019,10/23/19,20191107,USD,464.08,11/20/19 0:00,0,,2019-10-23,2019-11-07,2019-11-20,13.0,Late,AllSectors,15,464.08,2,3549.680952380952,0,0.0,1,1086.7272727272727,0,0.0,0,0.0
325,1930364911.0,200769623,WAL-MAR trust,Retail,2020,01/08/20,20200123,USD,27497.1,1/21/20 0:00,0,,2020-01-08,2020-01-23,2020-01-21,-2.0,Early,Retail,15,27497.1,164,23611.53046922607,1,11085.927272727273,30,23649.7976744186,1,791.8272727272727,0,0.0
326,1930277333.0,200769623,WAL-MAR foundation,Retail,2019,12/14/19,20191229,USD,3795.7,12/26/19 0:00,0,,2019-12-14,2019-12-29,2019-12-26,-3.0,Early,Retail,15,3795.7,159,23634.75480829666,1,11085.927272727273,29,24292.270790378003,1,791.8272727272727,0,0.0
327,1928940025.0,200729828,KENNETH co,,2019,03/11/19,20190326,USD,61470.32,3/26/19 0:00,0,,2019-03-11,2019-03-26,2019-03-26,0.0,OnTime,AllSectors,15,61470.32,0,0.0,0,0.0,0,0.0,0,0.0,0,0.0
328,1929192643.0,200803720,DEC trust,,2019,4/23/19,20190509,USD,62.7,05/01/19 0:00,0,,2019-04-23,2019-05-09,2019-05-01,-8.0,Early,AllSectors,16,62.7,3,5994.393548387096,0,0.0,0,0.0,0,0.0,0,0.0
329,1929403590.0,200707822,PUBLI trust,,2019,5/29/19,20190613,USD,117771.0,6/13/19 0:00,0,,2019-05-29,2019-06-13,2019-06-13,0.0,OnTime,AllSectors,15,117771.0,0,0.0,0,0.0,5,82578.71176470589,0,0.0,0,0.0
331,1928634187.0,100031704,DELHAIZE ,,2019,1/18/19,20190202,USD,59953.23,02/01/19 0:00,0,,2019-01-18,2019-02-02,2019-02-01,-1.0,Early,AllSectors,15,59953.23,0,0.0,0,0.0,0,0.0,0,0.0,0,0.0
332,1929628761.0,200399141,HEARTHSI llc,,2019,7/18/19,20190916,USD,71580.0,9/30/19 0:00,0,,2019-07-18,2019-09-16,2019-09-30,14.0,Late,AllSectors,60,71580.0,0,0.0,0,0.0,0,0.0,0,0.0,0,0.0
334,2960572915.0,140104340,COLABOR  foundation,,2019,8/14/19,20190826,CAD,785.26,8/29/19 0:00,0,,2019-08-14,2019-08-26,2019-08-29,3.0,Late,AllSectors,12,573.2398,1,296.7181818181818,0,0.0,2,27737.585714285713,1,6162.818181818182,0,0.0
335,1929607600.0,200424504,M  us,,2019,07/11/19,20190815,USD,6127.08,8/16/19 0:00,0,,2019-07-11,2019-08-15,2019-08-16,1.0,Late,AllSectors,35,6127.08,0,0.0,0,0.0,1,2664.690909090909,0,0.0,0,0.0
336,2960571394.0,140104429,COSTCO us,,2019,8/22/19,20190902,CAD,6156.93,09/05/19 0:00,0,,2019-08-22,2019-09-02,2019-09-05,3.0,Late,AllSectors,11,4494.5589,0,0.0,0,0.0,4,39333.346341463424,0,0.0,0,0.0
337,1929529060.0,200769623,WAL-MAR trust,Retail,2019,6/24/19,20190709,USD,69976.62,07/05/19 0:00,0,,2019-06-24,2019-07-09,2019-07-05,-4.0,Early,Retail,15,69976.62,72,20731.61983356449,1,11085.927272727273,14,21987.720567375887,1,791.8272727272727,0,0.0
338,1928884460.0,200771157,WEIS associates,,2019,03/02/19,20190317,USD,66520.4,3/18/19 0:00,0,,2019-03-02,2019-03-17,2019-03-18,1.0,Late,AllSectors,15,66520.4,0,0.0,0,0.0,0,0.0,0,0.0,0,0.0
339,1929050540.0,200743996,STATER  systems,,2019,3/29/19,20190603,USD,955.72,4/15/19 0:00,0,,2019-03-29,2019-06-03,2019-04-15,-49.0,Early,AllSectors,66,955.72,0,0.0,0,0.0,0,0.0,0,0.0,0,0.0
341,1930027969.0,200778355,US  llc,,2019,10/18/19,20191107,USD,51733.48,11/08/19 0:00,0,,2019-10-18,2019-11-07,2019-11-08,1.0,Late,AllSectors,20,51733.48,0,0.0,0,0.0,0,0.0,0,0.0,0,0.0
342,1930050154.0,200769623,WAL-MAR trust,Retail,2019,10/29/19,20191113,USD,27350.39,11/19/19 0:00,0,,2019-10-29,2019-11-13,2019-11-19,6.0,Late,Retail,15,27350.39,127,24165.833202202983,1,11085.927272727273,22,25025.67285067873,1,791.8272727272727,0,0.0
343,1929656990.0,200769623,WAL-MAR trust,Retail,2019,7/27/19,20190811,USD,53200.16,08/06/19 0:00,0,,2019-07-27,2019-08-11,2019-08-06,-5.0,Early,Retail,15,53200.16,88,22500.554029511914,1,11085.927272727273,18,24033.357458563536,1,791.8272727272727,0,0.0
344,1928544354.0,200714710,SYSCO  corporation,,2019,01/02/19,20190117,USD,47825.79,1/15/19 0:00,0,,2019-01-02,2019-01-17,2019-01-15,-2.0,Early,AllSectors,15,47825.79,0,0.0,0,0.0,0,0.0,0,0.0,0,0.0
345,1930074266.0,200769623,WAL-MAR co,Retail,2019,11/01/19,20191116,USD,14793.88,11/12/19 0:00,0,,2019-11-01,2019-11-16,2019-11-12,-4.0,Early,Retail,15,14793.88,127,24165.833202202983,1,11085.927272727273,23,25126.30995670996,1,791.8272727272727,0,0.0
346,1929804686.0,200793513,KROGER co,,2019,8/28/19,20190912,USD,65476.71,09/12/19 0:00,0,,2019-08-28,2019-09-12,2019-09-12,0.0,OnTime,AllSectors,15,65476.71,0,0.0,1,2526.672727272727,0,0.0,0,0.0,0,0.0
347,1930272989.0,200729290,KROGER ,,2019,12/13/19,20191228,USD,45346.85,12/30/19 0:00,0,,2019-12-13,2019-12-28,2019-12-30,2.0,Late,AllSectors,15,45346.85,0,0.0,1,61767.57272727272,2,33245.31428571429,0,0.0,0,0.0
348,1928580719.0,200794332,COST associates,,2019,01/08/19,20190123,USD,20557.14,1/23/19 0:00,0,,2019-01-08,2019-01-23,2019-01-23,0.0,OnTime,AllSectors,15,20557.14,0,0.0,0,0.0,0,0.0,0,0.0,0,0.0
349,1929975497.0,200780383,MEIJ us,,2019,10/07/19,20191022,USD,131654.89,10/22/19 0:00,0,,2019-10-07,2019-10-22,2019-10-22,0.0,OnTime,AllSectors,15,131654.89,0,0.0,1,16814.418181818182,5,39488.86078431372,0,0.0,0,0.0
350,1928662265.0,200769623,WAL-MAR associates,Retail,2019,1/23/19,20190207,USD,48098.93,02/04/19 0:00,0,,2019-01-23,2019-02-07,2019-02-04,-3.0,Early,Retail,15,48098.93,12,18712.421487603304,0,0.0,1,32898.281818181815,0,0.0,0,0.0
351,1929555086.0,200936373,SUPE associates,,2019,07/01/19,20190716,USD,49160.75,7/16/19 0:00,0,,2019-07-01,2019-07-16,2019-07-16,0.0,OnTime,AllSectors,15,49160.75,0,0.0,1,8987.881818181817,2,52363.55714285714,0,0.0,0,0.0
352,1929538525.0,200803720,DEC systems,,2019,6/25/19,20190709,USD,294.66,07/01/19 0:00,0,,2019-06-25,2019-07-09,2019-07-01,-8.0,Early,AllSectors,14,294.66,5,3718.701960784314,0,0.0,0,0.0,0,0.0,0,0.0
353,1991822152.0,CC7455,HEIN llc,,2019,02/06/19,20190323,USD,22348.78,05/03/19 0:00,0,,2019-02-06,2019-03-23,2019-05-03,41.0,VeryLate,AllSectors,45,22348.78,0,0.0,0,0.0,0,0.0,0,0.0,0,0.0
354,1928650918.0,200769623,WAL-MAR trust,Retail,2019,1/19/19,20190203,USD,34035.71,1/29/19 0:00,0,,2019-01-19,2019-02-03,2019-01-29,-5.0,Early,Retail,15,34035.71,10,18925.676237623764,0,0.0,1,32898.281818181815,0,0.0,0,0.0
355,1929420008.0,200759878,SA systems,,2019,06/04/19,20190619,USD,81427.89,6/19/19 0:00,0,,2019-06-04,2019-06-19,2019-06-19,0.0,OnTime,AllSectors,15,81427.89,0,0.0,1,57069.42727272727,8,26240.476543209876,0,0.0,0,0.0
356,1929735032.0,200793088,DEMOU us,,2019,8/14/19,20190829,USD,148653.48,8/29/19 0:00,0,,2019-08-14,2019-08-29,2019-08-29,0.0,OnTime,AllSectors,15,148653.48,0,0.0,0,0.0,0,0.0,0,0.0,0,0.0
357,1928634186.0,200714710,SYSCO  in,,2019,1/22/19,20190223,USD,881.08,2/26/19 0:00,0,,2019-01-22,2019-02-23,2019-02-26,3.0,Late,AllSectors,32,881.08,1,43477.990909090906,0,0.0,0,0.0,0,0.0,0,0.0
358,1929732606.0,200308132,COLORA systems,,2019,08/10/19,20190825,USD,23707.2,8/27/19 0:00,0,,2019-08-10,2019-08-25,2019-08-27,2.0,Late,AllSectors,15,23707.2,0,0.0,0,0.0,0,0.0,0,0.0,0,0.0
359,1929130939.0,200726979,BJ'S  systems,,2019,04/09/19,20190424,USD,167.97,4/24/19 0:00,0,,2019-04-09,2019-04-24,2019-04-24,0.0,OnTime,AllSectors,15,167.97,0,0.0,2,48243.30952380952,5,16873.511764705883,0,0.0,0,0.0
360,2960546191.0,140104340,COLABOR  co,,2019,05/07/19,20190519,CAD,326.39,5/16/19 0:00,0,,2019-05-07,2019-05-19,2019-05-16,-3.0,Early,AllSectors,12,238.26469999999998,0,0.0,0,0.0,1,3480.6454545454544,1,6162.818181818182,0,0.0
361,2960578465.0,140106408,WAL-M associates,,2019,09/09/19,20190919,CAD,26663.52,10/01/19 0:00,0,,2019-09-09,2019-09-19,2019-10-01,12.0,Late,AllSectors,10,19464.369599999998,0,0.0,0,0.0,11,41252.036936936944,0,0.0,0,0.0
364,2960545789.0,140104440,SO llc,,2019,05/04/19,20190516,CAD,263908.02,5/21/19 0:00,0,,2019-05-04,2019-05-16,2019-05-21,5.0,Late,AllSectors,12,192652.85460000002,0,0.0,0,0.0,2,76288.45238095238,0,0.0,0,0.0
365,1929951202.0,200769623,WAL-MAR corp,Retail,2019,10/01/19,20191016,USD,15608.85,10/15/19 0:00,0,,2019-10-01,2019-10-16,2019-10-15,-1.0,Early,Retail,15,15608.85,111,23886.053285328526,1,11085.927272727273,20,21888.790049751246,1,791.8272727272727,0,0.0
366,1929537891.0,200769623,WAL-MAR corp,Retail,2019,6/25/19,20190710,USD,64523.68,07/08/19 0:00,0,,2019-06-25,2019-07-10,2019-07-08,-2.0,Early,Retail,15,64523.68,73,21405.28604651163,1,11085.927272727273,14,21987.720567375887,1,791.8272727272727,0,0.0
367,1930195225.0,200230690,DECA corporation,,2019,11/26/19,20191209,USD,981.17,11/28/19 0:00,0,,2019-11-26,2019-12-09,2019-11-28,-11.0,Early,AllSectors,13,981.17,5,5619.949019607844,0,0.0,2,2261.8238095238094,0,0.0,0,0.0
368,1930571243.0,200718130,SYSCO F foundation,,2020,2/26/20,20200312,USD,23669.98,3/13/20 0:00,0,,2020-02-26,2020-03-12,2020-03-13,1.0,Late,AllSectors,15,23669.98,1,2188.3181818181815,0,0.0,0,0.0,0,0.0,0,0.0
369,1929578328.0,200778870,C associates,,2019,07/05/19,20190720,USD,133941.99,7/25/19 0:00,0,,2019-07-05,2019-07-20,2019-07-25,5.0,Late,AllSectors,15,133941.99,0,0.0,0,0.0,0,0.0,0,0.0,0,0.0
370,1930570825.0,200790215,VAN  us,,2020,2/26/20,20200317,USD,43342.59,4/24/20 0:00,0,,2020-02-26,2020-03-17,2020-04-24,38.0,VeryLate,AllSectors,20,43342.59,0,0.0,0,0.0,0,0.0,0,0.0,0,0.0
371,1928885531.0,200761734,H E BUT systems,,2019,03/01/19,20190316,USD,52633.36,3/15/19 0:00,0,,2019-03-01,2019-03-16,2019-03-15,-1.0,Early,AllSectors,15,52633.36,0,0.0,0,0.0,0,0.0,0,0.0,0,0.0
372,1929277229.0,200779906,BOZZU us,,2019,05/08/19,20190523,USD,18335.4,5/24/19 0:00,0,,2019-05-08,2019-05-23,2019-05-24,1.0,Late,AllSectors,15,18335.4,0,0.0,0,0.0,1,49378.12727272727,0,0.0,0,0.0
373,1991829819.0,100049850,ROADTOWN in,,2019,07/11/19,20190909,USD,30.18,7/19/19 0:00,0,,2019-07-11,2019-09-09,2019-07-19,-52.0,Early,AllSectors,60,30.18,0,0.0,0,0.0,0,0.0,0,0.0,0,0.0
374,1929492701.0,200726979,BJ'S  co,,2019,6/15/19,20190630,USD,126.24,07/01/19 0:00,0,,2019-06-15,2019-06-30,2019-07-01,1.0,Late,AllSectors,15,126.24,0,0.0,9,12280.932967032968,10,10497.140594059405,0,0.0,0,0.0
375,1930560599.0,200748108,KROGER corporation,,2020,2/25/20,20200311,USD,17457.22,03/11/20 0:00,0,,2020-02-25,2020-03-11,2020-03-11,0.0,OnTime,AllSectors,15,17457.22,0,0.0,1,112337.77272727272,2,47681.15238095238,0,0.0,0,0.0
376,1930533106.0,100031704,DELHAIZE llc,,2020,2/18/20,20200304,USD,74006.39,03/04/20 0:00,0,,2020-02-18,2020-03-04,2020-03-04,0.0,OnTime,AllSectors,15,74006.39,2,52904.91904761905,2,11590.32857142857,4,38224.085365853665,0,0.0,0,0.0
377,1929987015.0,200726979,BJ'S  associates,,2019,10/09/19,20191024,USD,709.01,10/24/19 0:00,0,,2019-10-09,2019-10-24,2019-10-24,0.0,OnTime,AllSectors,15,709.01,0,0.0,16,7679.2453416149065,17,11307.380701754386,0,0.0,0,0.0
378,1929588359.0,200974851,RESTA us,,2019,07/08/19,20190723,USD,3098.03,7/23/19 0:00,0,,2019-07-08,2019-07-23,2019-07-23,0.0,OnTime,AllSectors,15,3098.03,0,0.0,1,1533.3999999999999,1,342.1363636363636,0,0.0,0,0.0
379,1929821502.0,200750051,ALBER ,,2019,09/03/19,20190918,USD,64575.56,9/18/19 0:00,0,,2019-09-03,2019-09-18,2019-09-18,0.0,OnTime,AllSectors,15,64575.56,0,0.0,1,5475.936363636363,0,0.0,0,0.0,0,0.0
380,1930180119.0,200353024,DECA llc,,2019,11/21/19,20191209,USD,141.6,12/02/19 0:00,0,,2019-11-21,2019-12-09,2019-12-02,-7.0,Early,AllSectors,18,141.6,5,1412.1901960784314,0,0.0,0,0.0,0,0.0,0,0.0
381,1929579363.0,200769623,WAL-MAR trust,Retail,2019,07/06/19,20190721,USD,934.82,7/23/19 0:00,0,,2019-07-06,2019-07-21,2019-07-23,2.0,Late,Retail,15,934.82,80,22223.12147315855,1,11085.927272727273,15,24028.576821192055,1,791.8272727272727,0,0.0
382,1928660025.0,200792293,UNIFIE corporation,,2019,1/23/19,20190207,USD,36365.76,02/07/19 0:00,0,,2019-01-23,2019-02-07,2019-02-07,0.0,OnTime,AllSectors,15,36365.76,0,0.0,0,0.0,0,0.0,0,0.0,0,0.0
384,1928913853.0,200769623,WAL-MAR corporation,Retail,2019,03/07/19,20190322,USD,2067.18,3/18/19 0:00,0,,2019-03-07,2019-03-22,2019-03-18,-4.0,Early,Retail,15,2067.18,29,16389.271134020615,0,0.0,6,23443.847540983606,1,791.8272727272727,0,0.0
385,1929230211.0,200797452,US  corp,,2019,4/29/19,20190514,USD,59731.06,5/17/19 0:00,0,,2019-04-29,2019-05-14,2019-05-17,3.0,Late,AllSectors,15,59731.06,0,0.0,0,0.0,0,0.0,0,0.0,0,0.0
386,1928895946.0,200761734,H E BUT systems,,2019,03/05/19,20190320,USD,7787.1,3/19/19 0:00,0,,2019-03-05,2019-03-20,2019-03-19,-1.0,Early,AllSectors,15,7787.1,1,47848.50909090909,0,0.0,0,0.0,0,0.0,0,0.0
387,1930358429.0,200416837,DEC associates,,2020,01/06/20,20200124,USD,2175.46,1/15/20 0:00,0,,2020-01-06,2020-01-24,2020-01-15,-9.0,Early,AllSectors,18,2175.46,4,2269.9707317073176,0,0.0,1,18961.081818181814,0,0.0,0,0.0
388,2960544069.0,140106408,WAL-M systems,,2019,4/25/19,20190505,CAD,5417.93,5/16/19 0:00,0,,2019-04-25,2019-05-05,2019-05-16,11.0,Late,AllSectors,10,3955.0889,0,0.0,0,0.0,4,25567.66585365854,0,0.0,0,0.0
389,1929672122.0,200705742,DOT co,,2019,7/28/19,20190812,USD,21953.66,8/13/19 0:00,0,,2019-07-28,2019-08-12,2019-08-13,1.0,Late,AllSectors,15,21953.66,4,3026.3414634146343,3,8635.535483870968,1,10420.172727272728,0,0.0,0,0.0
390,1929877390.0,200714710,SYSCO  llc,,2019,9/16/19,20191001,USD,660.04,9/30/19 0:00,0,,2019-09-16,2019-10-01,2019-09-30,-1.0,Early,AllSectors,15,660.04,2,24338.766666666666,0,0.0,3,12251.616129032258,0,0.0,0,0.0
391,1929534004.0,200762301,C&S WH associates,,2019,6/25/19,20190710,USD,25093.71,07/09/19 0:00,0,,2019-06-25,2019-07-10,2019-07-09,-1.0,Early,AllSectors,15,25093.71,1,26.027272727272724,4,52716.85609756099,3,29862.364516129033,0,0.0,0,0.0
392,1929792419.0,200762301,C&S WH llc,,2019,8/27/19,20191031,USD,1583.54,11/01/19 0:00,0,,2019-08-27,2019-10-31,2019-11-01,1.0,Late,AllSectors,65,1583.54,3,13575.62258064516,4,52716.85609756099,3,29862.364516129033,0,0.0,0,0.0
393,1929856948.0,200020431,DEC corporation,,2019,09/10/19,20190924,USD,186.72,9/16/19 0:00,0,,2019-09-10,2019-09-24,2019-09-16,-8.0,Early,AllSectors,14,186.72,1,14969.072727272725,0,0.0,1,1697.3818181818178,0,0.0,0,0.0
394,1929636989.0,200759878,SA us,,2019,7/19/19,20190803,USD,41744.71,08/06/19 0:00,0,,2019-07-19,2019-08-03,2019-08-06,3.0,Late,AllSectors,15,41744.71,0,0.0,3,62629.354838709674,10,35198.628712871294,0,0.0,0,0.0
395,1929335945.0,200769623,WAL-MAR corp,Retail,2019,5/18/19,20190602,USD,44117.6,5/29/19 0:00,0,,2019-05-18,2019-06-02,2019-05-29,-4.0,Early,Retail,15,44117.6,55,19069.42649727768,1,11085.927272727273,8,17723.343209876544,1,791.8272727272727,0,0.0
397,1929755111.0,200743129,BROOKS associates,,2019,8/21/19,20190905,USD,62936.98,09/03/19 0:00,0,,2019-08-21,2019-09-05,2019-09-03,-2.0,Early,AllSectors,15,62936.98,0,0.0,0,0.0,2,104499.00476190474,0,0.0,0,0.0
398,1929895187.0,CCU013,KRAFT F llc,,2019,9/24/19,20190924,USD,22644.2,11/01/19 0:00,0,,2019-09-24,2019-09-24,2019-11-01,38.0,VeryLate,AllSectors,0,22644.2,0,0.0,0,0.0,0,0.0,2,33190.41904761904,0,0.0
400,1930388088.0,200769623,WAL-MAR co,Retail,2020,1/13/20,20200128,USD,10210.46,1/23/20 0:00,0,,2020-01-13,2020-01-28,2020-01-23,-5.0,Early,Retail,15,10210.46,165,23635.06511205329,1,11085.927272727273,30,23649.7976744186,1,791.8272727272727,0,0.0
401,1930065466.0,200705742,DOT corporation,,2019,10/29/19,20191113,USD,6293.46,11/13/19 0:00,0,,2019-10-29,2019-11-13,2019-11-13,0.0,OnTime,AllSectors,15,6293.46,7,18420.64647887324,3,8635.535483870968,2,15912.309523809523,0,0.0,0,0.0
404,1928871349.0,200759878,SA systems,,2019,2/27/19,20190314,USD,43759.47,3/15/19 0:00,0,,2019-02-27,2019-03-14,2019-03-15,1.0,Late,AllSectors,15,43759.47,0,0.0,1,57069.42727272727,4,19912.90243902439,0,0.0,0,0.0
405,1929798040.0,200744019,TARG systems,,2019,8/28/19,20190912,USD,58744.01,09/11/19 0:00,0,,2019-08-28,2019-09-12,2019-09-11,-1.0,Early,AllSectors,15,58744.01,1,10306.645454545453,0,0.0,7,33083.2014084507,0,0.0,0,0.0
406,1929402054.0,200726979,BJ'S  us,,2019,5/31/19,20190615,USD,18583.57,6/17/19 0:00,0,,2019-05-31,2019-06-15,2019-06-17,2.0,Late,AllSectors,15,18583.57,0,0.0,7,15656.470422535212,8,10730.02962962963,0,0.0,0,0.0
407,1990566997.0,200806643,PLAZA WA corporation,,2019,07/01/19,20190805,USD,13437.26,08/05/19 0:00,0,,2019-07-01,2019-08-05,2019-08-05,0.0,OnTime,AllSectors,35,13437.26,0,0.0,0,0.0,0,0.0,0,0.0,0,0.0
408,1930100947.0,200790107,ROU associates,,2019,11/05/19,20191120,USD,39259.33,11/20/19 0:00,0,,2019-11-05,2019-11-20,2019-11-20,0.0,OnTime,AllSectors,15,39259.33,0,0.0,0,0.0,0,0.0,0,0.0,0,0.0
409,1930289941.0,100043882,HAWAI ,,2019,12/17/19,20200101,USD,35428.53,12/30/19 0:00,0,,2019-12-17,2020-01-01,2019-12-30,-2.0,Early,AllSectors,15,35428.53,0,0.0,0,0.0,0,0.0,0,0.0,0,0.0
410,1928683186.0,200769623,WAL-MAR trust,Retail,2019,1/26/19,20190210,USD,2213.68,02/05/19 0:00,0,,2019-01-26,2019-02-10,2019-02-05,-5.0,Early,Retail,15,2213.68,13,20955.66641221374,0,0.0,3,30437.364516129033,1,791.8272727272727,0,0.0
412,1928721098.0,200706844,WINC co,,2019,02/01/19,20181229,USD,576.88,2/19/19 0:00,0,,2019-02-01,2018-12-29,2019-02-19,52.0,VeryLate,AllSectors,-34,576.88,0,0.0,0,0.0,0,0.0,0,0.0,0,0.0
413,1928646891.0,200759878,SA corp,,2019,1/19/19,20190203,USD,18033.31,02/05/19 0:00,0,,2019-01-19,2019-02-03,2019-02-05,2.0,Late,AllSectors,15,18033.31,0,0.0,0,0.0,3,20519.22258064516,0,0.0,0,0.0
414,1929478400.0,200749782,KROG corp,,2019,06/12/19,20190627,USD,92275.72,6/27/19 0:00,0,,2019-06-12,2019-06-27,2019-06-27,0.0,OnTime,AllSectors,15,92275.72,0,0.0,1,6738.0545454545445,0,0.0,0,0.0,0,0.0
415,1929951273.0,200769623,WAL-MAR ,Retail,2019,10/02/19,20191017,USD,1898.2,10/15/19 0:00,0,,2019-10-02,2019-10-17,2019-10-15,-2.0,Early,Retail,15,1898.2,113,23740.661803713516,1,11085.927272727273,20,21888.790049751246,1,791.8272727272727,0,0.0
416,1930447917.0,200712349,FOOD trust,,2020,1/31/20,20200215,USD,3762.15,2/14/20 0:00,0,,2020-01-31,2020-02-15,2020-02-14,-1.0,Early,AllSectors,15,3762.15,0,0.0,0,0.0,0,0.0,0,0.0,0,0.0
417,1930065929.0,200707005,KING S co,,2019,11/01/19,20191116,USD,10129.32,11/18/19 0:00,0,,2019-11-01,2019-11-16,2019-11-18,2.0,Late,AllSectors,15,10129.32,0,0.0,0,0.0,1,39201.11818181818,0,0.0,0,0.0
418,1929181481.0,200782669,SYGMA ,,2019,4/22/19,20190507,USD,28760.55,05/08/19 0:00,0,,2019-04-22,2019-05-07,2019-05-08,1.0,Late,AllSectors,15,28760.55,0,0.0,0,0.0,0,0.0,0,0.0,0,0.0
420,2960546247.0,140105686,SYSC corporation,,2019,05/03/19,20190519,CAD,31956.18,5/23/19 0:00,0,,2019-05-03,2019-05-19,2019-05-23,4.0,Late,AllSectors,16,23328.0114,0,0.0,0,0.0,2,17025.95238095238,0,0.0,0,0.0
421,1930383881.0,200705372,FR llc,,2020,01/12/20,20200127,USD,81703.39,1/27/20 0:00,0,,2020-01-12,2020-01-27,2020-01-27,0.0,OnTime,AllSectors,15,81703.39,0,0.0,2,3295.4761904761904,2,74141.2,0,0.0,0,0.0
422,1929702800.0,200701314,MBM  foundation,,2019,08/05/19,20190820,USD,3566.36,8/21/19 0:00,0,,2019-08-05,2019-08-20,2019-08-21,1.0,Late,AllSectors,15,3566.36,0,0.0,0,0.0,0,0.0,0,0.0,0,0.0
424,1928904434.0,200353024,DECA associates,,2019,03/05/19,20190324,USD,33.12,3/18/19 0:00,0,,2019-03-05,2019-03-24,2019-03-18,-6.0,Early,AllSectors,19,33.12,1,44.94545454545454,0,0.0,0,0.0,0,0.0,0,0.0
425,1928768739.0,200820380,SMITH'S llc,,2019,02/10/19,20190225,USD,36833.34,2/25/19 0:00,0,,2019-02-10,2019-02-25,2019-02-25,0.0,OnTime,AllSectors,15,36833.34,0,0.0,0,0.0,0,0.0,0,0.0,0,0.0
426,1930517454.0,200580232,INTERR ,,2020,02/12/20,20200222,USD,42383.25,2/26/20 0:00,0,,2020-02-12,2020-02-22,2020-02-26,4.0,Late,AllSectors,10,42383.25,0,0.0,1,38537.545454545456,1,38530.22727272727,0,0.0,0,0.0
427,1928830590.0,200759878,SA systems,,2019,2/21/19,20190308,USD,62776.37,03/08/19 0:00,0,,2019-02-21,2019-03-08,2019-03-08,0.0,OnTime,AllSectors,15,62776.37,0,0.0,0,0.0,4,19912.90243902439,0,0.0,0,0.0
429,1930430867.0,100032284,KEURIG trust,,2020,1/22/20,20200302,USD,28136.25,3/20/20 0:00,0,,2020-01-22,2020-03-02,2020-03-20,18.0,Late,AllSectors,40,28136.25,0,0.0,0,0.0,0,0.0,0,0.0,1,8157.263636363636
430,1929003689.0,200353024,DECA corp,,2019,3/21/19,20190408,USD,210.96,04/01/19 0:00,0,,2019-03-21,2019-04-08,2019-04-01,-7.0,Early,AllSectors,18,210.96,2,39.31428571428572,0,0.0,0,0.0,0,0.0,0,0.0
431,1929119688.0,200755701,ASSOCI in,,2019,04/12/19,20190427,USD,26530.93,4/26/19 0:00,0,,2019-04-12,2019-04-27,2019-04-26,-1.0,Early,AllSectors,15,26530.93,0,0.0,0,0.0,0,0.0,0,0.0,0,0.0
432,1929720329.0,200707822,PUBLI systems,,2019,08/07/19,20190822,USD,9949.04,11/20/19 0:00,0,,2019-08-07,2019-08-22,2019-11-20,90.0,VeryLate,AllSectors,15,9949.04,0,0.0,1,107064.54545454544,5,82578.71176470589,0,0.0,0,0.0
434,1929113950.0,200769369,DI us,,2019,04/12/19,20190427,USD,33163.97,4/29/19 0:00,0,,2019-04-12,2019-04-27,2019-04-29,2.0,Late,AllSectors,15,33163.97,0,0.0,0,0.0,2,40286.51904761905,0,0.0,0,0.0
435,1929513772.0,200865666,RESTAU corporation,,2019,6/25/19,20190710,USD,1023.37,07/10/19 0:00,0,,2019-06-25,2019-07-10,2019-07-10,0.0,OnTime,AllSectors,15,1023.37,0,0.0,2,5284.919047619047,0,0.0,0,0.0,0,0.0
436,1928638116.0,200707822,PUBLI systems,,2019,1/17/19,20190201,USD,90731.43,02/04/19 0:00,0,,2019-01-17,2019-02-01,2019-02-04,3.0,Late,AllSectors,15,90731.43,0,0.0,0,0.0,0,0.0,0,0.0,0,0.0
437,2960591631.0,140104440,SO foundation,,2019,11/05/19,20191117,CAD,304528.77,11/21/19 0:00,0,,2019-11-05,2019-11-17,2019-11-21,4.0,Late,AllSectors,12,222306.0021,0,0.0,0,0.0,5,96970.7117647059,0,0.0,0,0.0
438,1929181116.0,200555117,BURR trust,,2019,4/19/19,20190504,USD,79535.97,05/06/19 0:00,0,,2019-04-19,2019-05-04,2019-05-06,2.0,Late,AllSectors,15,79535.97,0,0.0,1,169.24545454545452,1,432.4454545454545,0,0.0,0,0.0
439,1929610956.0,200769623,WAL-MAR trust,Retail,2019,07/12/19,20190727,USD,14634.32,7/24/19 0:00,0,,2019-07-12,2019-07-27,2019-07-24,-3.0,Early,Retail,15,14634.32,82,22371.34275274056,1,11085.927272727273,16,22594.181987577642,1,791.8272727272727,0,0.0
441,2960526994.0,140106408,WAL-M in,,2019,02/04/19,20190214,CAD,45768.31,2/20/19 0:00,0,,2019-02-04,2019-02-14,2019-02-20,6.0,Late,AllSectors,10,33410.866299999994,0,0.0,0,0.0,0,0.0,0,0.0,0,0.0
443,1930507621.0,200744019,TARG llc,,2020,02/10/20,20200225,USD,83046.76,2/25/20 0:00,0,,2020-02-10,2020-02-25,2020-02-25,0.0,OnTime,AllSectors,15,83046.76,3,22686.08387096774,1,42423.56363636363,10,28943.765346534656,0,0.0,0,0.0
444,1928721271.0,200711029,WEGMAN us,,2019,02/06/19,20190221,USD,6475.55,2/21/19 0:00,0,,2019-02-06,2019-02-21,2019-02-21,0.0,OnTime,AllSectors,15,6475.55,0,0.0,0,0.0,0,0.0,0,0.0,0,0.0
448,1928860681.0,200762301,C&S WH systems,,2019,2/27/19,20190314,USD,47344.96,3/14/19 0:00,0,,2019-02-27,2019-03-14,2019-03-14,0.0,OnTime,AllSectors,15,47344.96,1,26.027272727272724,2,40619.66666666666,1,1072.790909090909,0,0.0,0,0.0
449,1929348734.0,200726979,BJ'S  ,,2019,5/21/19,20190605,USD,167.97,06/05/19 0:00,0,,2019-05-21,2019-06-05,2019-06-05,0.0,OnTime,AllSectors,15,167.97,0,0.0,4,27000.421951219512,8,10730.02962962963,0,0.0,0,0.0
450,1929716067.0,200797452,US  associates,,2019,08/07/19,20190822,USD,66176.65,8/23/19 0:00,0,,2019-08-07,2019-08-22,2019-08-23,1.0,Late,AllSectors,15,66176.65,0,0.0,0,0.0,1,54300.96363636363,0,0.0,0,0.0
451,1929815905.0,200704858,WAKE trust,,2019,8/31/19,20190915,USD,151372.68,09/12/19 0:00,0,,2019-08-31,2019-09-15,2019-09-12,-3.0,Early,AllSectors,15,151372.68,0,0.0,1,15927.381818181815,1,64644.43636363636,0,0.0,0,0.0
452,1930195437.0,200707822,PUBLI ,,2019,11/26/19,20191211,USD,118272.16,12/11/19 0:00,0,,2019-11-26,2019-12-11,2019-12-11,0.0,OnTime,AllSectors,15,118272.16,0,0.0,3,65283.86451612903,5,82578.71176470589,1,9044.581818181818,0,0.0
453,1930008438.0,200792734,MDV/ trust,,2019,10/13/19,20191028,USD,21592.15,10/29/19 0:00,0,,2019-10-13,2019-10-28,2019-10-29,1.0,Late,AllSectors,15,21592.15,1,52718.627272727266,0,0.0,0,0.0,0,0.0,1,2048.9636363636364
455,1929722054.0,200769623,WAL-MAR corporation,Retail,2019,08/09/19,20190824,USD,57185.76,8/21/19 0:00,0,,2019-08-09,2019-08-24,2019-08-21,-3.0,Early,Retail,15,57185.76,91,22568.825027442366,1,11085.927272727273,18,24033.357458563536,1,791.8272727272727,0,0.0
456,1930032760.0,200769623,WAL-MAR corporation,Retail,2019,10/19/19,20191103,USD,1092.51,10/30/19 0:00,0,,2019-10-19,2019-11-03,2019-10-30,-4.0,Early,Retail,15,1092.51,123,24237.9437855402,1,11085.927272727273,21,23591.502369668247,1,791.8272727272727,0,0.0
457,2960535925.0,140104249,SOB systems,,2019,3/16/19,20190404,CAD,24049.99,04/12/19 0:00,0,,2019-03-16,2019-04-04,2019-04-12,8.0,Late,AllSectors,19,17556.492700000003,0,0.0,0,0.0,0,0.0,0,0.0,0,0.0
459,1930009404.0,200726979,BJ'S  corp,,2019,10/15/19,20191030,USD,795.63,10/30/19 0:00,0,,2019-10-15,2019-10-30,2019-10-30,0.0,OnTime,AllSectors,15,795.63,0,0.0,17,7271.629239766082,17,11307.380701754386,0,0.0,0,0.0
460,1930269092.0,200769623,WAL-MAR corp,Retail,2019,12/12/19,20191227,USD,61673.46,12/24/19 0:00,0,,2019-12-12,2019-12-27,2019-12-24,-3.0,Early,Retail,15,61673.46,155,23522.126499032875,1,11085.927272727273,29,24292.270790378003,1,791.8272727272727,0,0.0
461,1929916058.0,200781831,RITE corp,,2019,9/25/19,20191010,USD,87020.67,10/10/19 0:00,0,,2019-09-25,2019-10-10,2019-10-10,0.0,OnTime,AllSectors,15,87020.67,0,0.0,0,0.0,1,81340.2,0,0.0,0,0.0
462,1930377901.0,200186937,SYSC corporation,,2020,01/08/20,20200123,USD,50939.87,1/27/20 0:00,0,,2020-01-08,2020-01-23,2020-01-27,4.0,Late,AllSectors,15,50939.87,0,0.0,0,0.0,1,14892.227272727272,0,0.0,0,0.0
463,1929844226.0,200803720,DEC co,,2019,09/07/19,20190911,USD,18312.28,09/12/19 0:00,0,,2019-09-07,2019-09-11,2019-09-12,1.0,Late,AllSectors,4,18312.28,8,2449.21975308642,0,0.0,1,8469.8,0,0.0,0,0.0
464,1928859152.0,200769623,WAL-MAR foundation,Retail,2019,2/26/19,20190313,USD,267.3,03/08/19 0:00,0,,2019-02-26,2019-03-13,2019-03-08,-5.0,Early,Retail,15,267.3,24,16202.726556016594,0,0.0,6,23443.847540983606,1,791.8272727272727,0,0.0
465,1930207153.0,100031704,DELHAIZE foundation,,2019,12/01/19,20191216,USD,86698.97,12/17/19 0:00,0,,2019-12-01,2019-12-16,2019-12-17,1.0,Late,AllSectors,15,86698.97,2,52904.91904761905,2,11590.32857142857,3,22587.025806451613,0,0.0,0,0.0
466,1929604026.0,200741174,M B  co,,2019,07/12/19,20190813,USD,33418.94,8/14/19 0:00,0,,2019-07-12,2019-08-13,2019-08-14,1.0,Late,AllSectors,32,33418.94,0,0.0,0,0.0,0,0.0,0,0.0,0,0.0
467,1929699788.0,200726979,BJ'S  ,,2019,08/05/19,20190820,USD,235.24,8/20/19 0:00,0,,2019-08-05,2019-08-20,2019-08-20,0.0,OnTime,AllSectors,15,235.24,0,0.0,12,9326.320661157024,14,13500.89574468085,0,0.0,0,0.0
469,1929808321.0,200900909,SYSCO trust,,2019,8/29/19,20190913,USD,3429.83,9/13/19 0:00,0,,2019-08-29,2019-09-13,2019-09-13,0.0,OnTime,AllSectors,15,3429.83,0,0.0,1,4275.20909090909,6,17728.950819672133,0,0.0,0,0.0
472,1930150316.0,200759878,SA in,,2019,11/13/19,20191128,USD,22635.54,12/02/19 0:00,0,,2019-11-13,2019-11-28,2019-12-02,4.0,Late,AllSectors,15,22635.54,0,0.0,6,53266.14262295082,18,34716.94751381215,0,0.0,0,0.0
474,1930361746.0,200769623,WAL-MAR ,Retail,2020,01/07/20,20200122,USD,54671.37,1/17/20 0:00,0,,2020-01-07,2020-01-22,2020-01-17,-5.0,Early,Retail,15,54671.37,163,23421.096137339046,1,11085.927272727273,30,23649.7976744186,1,791.8272727272727,0,0.0
475,1930421121.0,200799367,MCL trust,,2020,1/24/20,20200208,USD,35615.31,02/10/20 0:00,0,,2020-01-24,2020-02-08,2020-02-10,2.0,Late,AllSectors,15,35615.31,0,0.0,1,87341.51818181817,3,27165.622580645162,0,0.0,0,0.0
476,1929466472.0,200726979,BJ'S  us,,2019,06/11/19,20190626,USD,239.42,6/26/19 0:00,0,,2019-06-11,2019-06-26,2019-06-26,0.0,OnTime,AllSectors,15,239.42,0,0.0,8,13767.53950617284,9,11593.056043956043,0,0.0,0,0.0
477,1929195880.0,200749782,KROG corp,,2019,4/23/19,20190508,USD,7411.86,05/08/19 0:00,0,,2019-04-23,2019-05-08,2019-05-08,0.0,OnTime,AllSectors,15,7411.86,0,0.0,0,0.0,0,0.0,0,0.0,0,0.0
478,1930144231.0,200769623,WAL-MAR trust,Retail,2019,11/12/19,20191127,USD,1898.2,11/22/19 0:00,0,,2019-11-12,2019-11-27,2019-11-22,-5.0,Early,Retail,15,1898.2,134,24087.194630872473,1,11085.927272727273,24,24084.290871369296,1,791.8272727272727,0,0.0
479,1929635082.0,100044041,DEF. F llc,,2019,7/19/19,20190808,USD,2160.29,08/01/19 0:00,0,,2019-07-19,2019-08-08,2019-08-01,-7.0,Early,AllSectors,20,2160.29,0,0.0,0,0.0,0,0.0,0,0.0,0,0.0
480,2960604826.0,140104423,METRO  us,,2020,01/03/20,20200117,CAD,30377.47,1/14/20 0:00,0,,2020-01-03,2020-01-17,2020-01-14,-3.0,Early,AllSectors,14,22175.5531,3,123594.56129032258,0,0.0,2,138494.2,0,0.0,0,0.0
481,1929028315.0,200700919,US  llc,,2019,3/27/19,20190428,USD,7992.72,4/29/19 0:00,0,,2019-03-27,2019-04-28,2019-04-29,1.0,Late,AllSectors,32,7992.72,0,0.0,0,0.0,1,35655.73636363636,0,0.0,0,0.0
483,1928697516.0,200424504,M  corp,,2019,1/29/19,20190215,USD,2931.16,2/19/19 0:00,0,,2019-01-29,2019-02-15,2019-02-19,4.0,Late,AllSectors,17,2931.16,0,0.0,0,0.0,0,0.0,0,0.0,0,0.0
484,1928830882.0,200078795,H T H corporation,,2019,2/20/19,20190307,USD,1195.4,03/08/19 0:00,0,,2019-02-20,2019-03-07,2019-03-08,1.0,Late,AllSectors,15,1195.4,0,0.0,0,0.0,0,0.0,0,0.0,0,0.0
485,1991827702.0,CC6000,HEINZ ,,2019,5/20/19,20190704,USD,22041.56,07/12/19 0:00,0,,2019-05-20,2019-07-04,2019-07-12,8.0,Late,AllSectors,45,22041.56,0,0.0,0,0.0,0,0.0,1,9727.372727272726,0,0.0
487,1930423090.0,200769623,WAL-MAR llc,Retail,2020,1/22/20,20200206,USD,17719.73,02/03/20 0:00,0,,2020-01-22,2020-02-06,2020-02-03,-3.0,Early,Retail,15,17719.73,171,23787.764289888946,1,11085.927272727273,31,23115.739871382633,1,791.8272727272727,0,0.0
488,1929571647.0,200780383,MEIJ foundation,,2019,07/03/19,20190718,USD,21273.77,7/22/19 0:00,0,,2019-07-03,2019-07-18,2019-07-22,4.0,Late,AllSectors,15,21273.77,0,0.0,1,16814.418181818182,4,43931.56585365854,0,0.0,0,0.0
489,1930023946.0,200704045,RA llc,,2019,10/18/19,20191102,USD,1730.7,11/04/19 0:00,0,,2019-10-18,2019-11-02,2019-11-04,2.0,Late,AllSectors,15,1730.7,0,0.0,2,26819.185714285715,1,23731.70909090909,0,0.0,0,0.0
490,1929852468.0,200725421,BEN  llc,Food,2019,09/11/19,20190926,USD,17851.5,16/09/19,0,,2019-09-11,2019-09-26,2019-09-16,-10.0,Early,Food,15,17851.5,0,0.0,0,0.0,0,0.0,0,0.0,0,0.0
491,1928765286.0,200704045,RA associates,,2019,02/07/19,20190222,USD,37029.64,2/22/19 0:00,0,,2019-02-07,2019-02-22,2019-02-22,0.0,OnTime,AllSectors,15,37029.64,0,0.0,1,17536.954545454544,0,0.0,0,0.0,0,0.0
492,2960583293.0,140105686,SYSC co,,2019,10/01/19,20191019,CAD,28108.5,10/24/19 0:00,0,,2019-10-01,2019-10-19,2019-10-24,5.0,Late,AllSectors,18,20519.204999999998,0,0.0,0,0.0,8,34778.16543209876,0,0.0,0,0.0
494,1929650566.0,200772670,ASSOCIAT co,,2019,7/22/19,20190806,USD,13689.19,08/07/19 0:00,0,,2019-07-22,2019-08-06,2019-08-07,1.0,Late,AllSectors,15,13689.19,3,55643.96129032257,2,36956.57619047619,8,48494.724691358024,0,0.0,0,0.0
495,1930047538.0,200742521,GLA in,,2019,10/26/19,20191110,USD,9165.0,11/19/19 0:00,0,,2019-10-26,2019-11-10,2019-11-19,9.0,Late,AllSectors,15,9165.0,1,34641.08181818182,0,0.0,1,5341.045454545454,0,0.0,0,0.0
496,1929982075.0,200769623,WAL-MAR us,Retail,2019,10/09/19,20191024,USD,48970.0,10/21/19 0:00,0,,2019-10-09,2019-10-24,2019-10-21,-3.0,Early,Retail,15,48970.0,120,23971.55970024978,1,11085.927272727273,21,23591.502369668247,1,791.8272727272727,0,0.0
497,1929748655.0,200794332,COST llc,,2019,8/16/19,20190831,USD,2254.43,8/30/19 0:00,0,,2019-08-16,2019-08-31,2019-08-30,-1.0,Early,AllSectors,15,2254.43,5,30252.44117647059,3,13657.106451612903,3,25472.81612903226,0,0.0,0,0.0
499,1930188173.0,200331749,SYSC foundation,,2019,11/22/19,20191207,USD,43829.94,12/11/19 0:00,0,,2019-11-22,2019-12-07,2019-12-11,4.0,Late,AllSectors,15,43829.94,0,0.0,0,0.0,3,11052.625806451613,0,0.0,0,0.0
500,1929041696.0,200936373,SUPE llc,,2019,3/28/19,20190412,USD,9886.67,04/12/19 0:00,0,,2019-03-28,2019-04-12,2019-04-12,0.0,OnTime,AllSectors,15,9886.67,0,0.0,0,0.0,1,13536.60909090909,0,0.0,0,0.0
501,1929152624.0,200726979,BJ'S  llc,,2019,4/17/19,20190502,USD,9222.81,05/02/19 0:00,0,,2019-04-17,2019-05-02,2019-05-02,0.0,OnTime,AllSectors,15,9222.81,0,0.0,3,32735.135483870967,6,14196.611475409838,0,0.0,0,0.0
503,1929230391.0,200900909,SYSCO co,,2019,4/29/19,20190514,USD,15539.03,5/16/19 0:00,0,,2019-04-29,2019-05-14,2019-05-16,2.0,Late,AllSectors,15,15539.03,0,0.0,0,0.0,2,4874.142857142857,0,0.0,0,0.0
504,1928714057.0,100036538,DENVER in,,2019,02/05/19,20190220,USD,512.0,2/14/19 0:00,0,,2019-02-05,2019-02-20,2019-02-14,-6.0,Early,AllSectors,15,512.0,0,0.0,0,0.0,0,0.0,0,0.0,0,0.0
505,2960576892.0,140104409,LOB co,,2019,8/31/19,20190910,CAD,261811.32,9/13/19 0:00,0,,2019-08-31,2019-09-10,2019-09-13,3.0,Late,AllSectors,10,191122.2636,0,0.0,0,0.0,2,141067.59047619047,0,0.0,0,0.0
506,1930216424.0,200761734,H E BUT corp,,2019,12/04/19,20191219,USD,73309.01,12/18/19 0:00,0,,2019-12-04,2019-12-19,2019-12-18,-1.0,Early,AllSectors,15,73309.01,6,30766.029508196727,0,0.0,2,22615.490476190476,0,0.0,0,0.0
507,1928883741.0,200769623,WAL-MAR in,Retail,2019,03/02/19,20190317,USD,1915.56,03/12/19 0:00,0,,2019-03-02,2019-03-17,2019-03-12,-5.0,Early,Retail,15,1915.56,27,15862.281549815494,0,0.0,6,23443.847540983606,1,791.8272727272727,0,0.0
508,1930037330.0,200705742,DOT trust,,2019,10/21/19,20191122,USD,28175.07,11/12/19 0:00,0,,2019-10-21,2019-11-22,2019-11-12,-10.0,Early,AllSectors,32,28175.07,6,16821.560655737707,3,8635.535483870968,2,15912.309523809523,0,0.0,0,0.0
509,1930018915.0,200418007,AM systems,,2019,10/21/19,20191105,USD,4200.0,11/05/19 0:00,0,,2019-10-21,2019-11-05,2019-11-05,0.0,OnTime,AllSectors,15,4200.0,1,66110.07272727272,1,381.8181818181818,3,3864.6516129032257,0,0.0,0,0.0
510,1929069039.0,200769623,WAL-MAR systems,Retail,2019,04/04/19,20190419,USD,15549.86,4/15/19 0:00,0,,2019-04-04,2019-04-19,2019-04-15,-4.0,Early,Retail,15,15549.86,38,19852.933858267716,0,0.0,7,20161.547887323944,1,791.8272727272727,0,0.0
512,1928746664.0,200799367,MCL trust,,2019,02/07/19,20190222,USD,96075.67,2/22/19 0:00,0,,2019-02-07,2019-02-22,2019-02-22,0.0,OnTime,AllSectors,15,96075.67,0,0.0,0,0.0,0,0.0,0,0.0,0,0.0
513,1929764406.0,200778870,C us,,2019,8/20/19,20190904,USD,206.36,09/10/19 0:00,0,,2019-08-20,2019-09-04,2019-09-10,6.0,Late,AllSectors,15,206.36,0,0.0,0,0.0,1,121765.44545454544,0,0.0,0,0.0
514,1930031906.0,200759878,SA associates,,2019,10/21/19,20191105,USD,48849.17,11/06/19 0:00,0,,2019-10-21,2019-11-05,2019-11-06,1.0,Late,AllSectors,15,48849.17,0,0.0,6,53266.14262295082,16,35155.49192546584,0,0.0,0,0.0
515,1928592759.0,200769623,WAL-MAR us,Retail,2019,01/10/19,20190125,USD,37124.42,1/22/19 0:00,0,,2019-01-10,2019-01-25,2019-01-22,-3.0,Early,Retail,15,37124.42,3,18349.0,0,0.0,0,0.0,0,0.0,0,0.0
517,1930058622.0,200736312,WESTERN foundation,,2019,10/28/19,20191112,USD,12707.34,11/15/19 0:00,0,,2019-10-28,2019-11-12,2019-11-15,3.0,Late,AllSectors,15,12707.34,0,0.0,0,0.0,0,0.0,0,0.0,0,0.0
518,1929252586.0,200508557,FOODL trust,,2019,05/10/19,20190525,USD,4699.2,5/28/19 0:00,0,,2019-05-10,2019-05-25,2019-05-28,3.0,Late,AllSectors,15,4699.2,0,0.0,1,1493.7363636363634,0,0.0,0,0.0,0,0.0
521,2960536897.0,140106434,KITCH us,,2019,3/26/19,20190413,CAD,14757.7,04/10/19 0:00,0,,2019-03-26,2019-04-13,2019-04-10,-3.0,Early,AllSectors,18,10773.121000000001,0,0.0,0,0.0,0,0.0,0,0.0,0,0.0
523,1929243773.0,200769623,WAL-MAR in,Retail,2019,05/03/19,20190518,USD,265.5,5/14/19 0:00,0,,2019-05-03,2019-05-18,2019-05-14,-4.0,Early,Retail,15,265.5,50,20057.34690618763,1,11085.927272727273,8,17723.343209876544,1,791.8272727272727,0,0.0
524,2960558106.0,140105686,SYSC corporation,,2019,6/28/19,20190714,CAD,1690.11,7/18/19 0:00,0,,2019-06-28,2019-07-14,2019-07-18,4.0,Late,AllSectors,16,1233.7803,0,0.0,0,0.0,5,31644.32352941177,0,0.0,0,0.0
525,2960544814.0,140106408,WAL-M llc,,2019,4/29/19,20190509,CAD,43007.61,5/22/19 0:00,0,,2019-04-29,2019-05-09,2019-05-22,13.0,Late,AllSectors,10,31395.5553,0,0.0,0,0.0,5,21616.737254901964,0,0.0,0,0.0
526,2960578428.0,140106408,WAL-M llc,,2019,09/07/19,20190917,CAD,1717.53,10/07/19 0:00,0,,2019-09-07,2019-09-17,2019-10-07,20.0,Late,AllSectors,10,1253.7969,0,0.0,0,0.0,10,45166.34455445545,0,0.0,0,0.0
527,1929982043.0,200799367,MCL associates,,2019,10/10/19,20191025,USD,14744.33,10/29/19 0:00,0,,2019-10-10,2019-10-25,2019-10-29,4.0,Late,AllSectors,15,14744.33,0,0.0,1,87341.51818181817,1,7157.772727272727,0,0.0,0,0.0
528,1928859820.0,200762301,C&S WH trust,,2019,2/25/19,20190312,USD,79706.18,03/12/19 0:00,0,,2019-02-25,2019-03-12,2019-03-12,0.0,OnTime,AllSectors,15,79706.18,1,26.027272727272724,1,5086.472727272727,1,1072.790909090909,0,0.0,0,0.0
530,1929065199.0,200772670,ASSOCIAT associates,,2019,04/01/19,20190416,USD,24130.19,4/17/19 0:00,0,,2019-04-01,2019-04-16,2019-04-17,1.0,Late,AllSectors,15,24130.19,3,55643.96129032257,1,24573.22727272727,1,41955.163636363635,0,0.0,0,0.0
532,1928843468.0,200732755,KROGER co,,2019,2/22/19,20190309,USD,110271.34,03/11/19 0:00,0,,2019-02-22,2019-03-09,2019-03-11,2.0,Late,AllSectors,15,110271.34,0,0.0,0,0.0,0,0.0,0,0.0,0,0.0
533,2960605070.0,140104429,COSTCO systems,,2020,01/04/20,20200117,CAD,72903.12,1/17/20 0:00,0,,2020-01-04,2020-01-17,2020-01-17,0.0,OnTime,AllSectors,13,53219.277599999994,2,48290.3,0,0.0,6,42678.29180327869,0,0.0,0,0.0
534,1929229497.0,200769623,WAL-MAR ,Retail,2019,4/29/19,20190514,USD,12194.52,5/14/19 0:00,0,,2019-04-29,2019-05-14,2019-05-14,0.0,OnTime,Retail,15,12194.52,47,20855.470912951172,0,0.0,8,17723.343209876544,1,791.8272727272727,0,0.0
536,1929351621.0,200756072,REINHA associates,,2019,5/21/19,20190605,USD,33475.3,06/05/19 0:00,0,,2019-05-21,2019-06-05,2019-06-05,0.0,OnTime,AllSectors,15,33475.3,0,0.0,1,17117.154545454545,1,11202.51818181818,0,0.0,0,0.0
537,1928757331.0,200466603,SMITH'S foundation,,2019,02/07/19,20190222,USD,103040.02,2/22/19 0:00,0,,2019-02-07,2019-02-22,2019-02-22,0.0,OnTime,AllSectors,15,103040.02,0,0.0,1,113466.86363636363,0,0.0,0,0.0,0,0.0
538,1929069790.0,200403703,H &  trust,,2019,04/04/19,20190414,USD,21332.5,4/16/19 0:00,0,,2019-04-04,2019-04-14,2019-04-16,2.0,Late,AllSectors,10,21332.5,0,0.0,0,0.0,0,0.0,0,0.0,0,0.0
539,1929836807.0,200778870,C ,,2019,09/06/19,20190921,USD,11530.3,9/25/19 0:00,0,,2019-09-06,2019-09-21,2019-09-25,4.0,Late,AllSectors,15,11530.3,0,0.0,0,0.0,2,63880.16666666665,0,0.0,0,0.0
540,1930558742.0,200769623,WAL-MAR ,Retail,2020,2/24/20,20200310,USD,50732.36,03/05/20 0:00,0,,2020-02-24,2020-03-10,2020-03-05,-5.0,Early,Retail,15,50732.36,187,23970.869107429186,1,11085.927272727273,37,24627.481940700804,1,791.8272727272727,0,0.0
541,1929146322.0,200573068,GROCE llc,,2019,4/15/19,20190430,USD,17464.0,4/30/19 0:00,0,,2019-04-15,2019-04-30,2019-04-30,0.0,OnTime,AllSectors,15,17464.0,0,0.0,0,0.0,0,0.0,0,0.0,0,0.0
542,1930474583.0,200769623,WAL-MAR systems,Retail,2020,02/05/20,20200220,USD,15132.2,2/18/20 0:00,0,,2020-02-05,2020-02-20,2020-02-18,-2.0,Early,Retail,15,15132.2,177,23859.43083003952,1,11085.927272727273,35,25082.993162393155,1,791.8272727272727,0,0.0
543,1929956390.0,200769623,WAL-MAR associates,Retail,2019,10/06/19,20191021,USD,67686.57,10/16/19 0:00,0,,2019-10-06,2019-10-21,2019-10-16,-5.0,Early,Retail,15,67686.57,117,23966.939368061478,1,11085.927272727273,20,21888.790049751246,1,791.8272727272727,0,0.0
544,1929348704.0,200592182,DECA corporation,,2019,5/20/19,20190526,USD,13370.36,5/25/19 0:00,0,,2019-05-20,2019-05-26,2019-05-25,-1.0,Early,AllSectors,6,13370.36,4,5274.697560975611,0,0.0,0,0.0,0,0.0,0,0.0
546,1928631262.0,200865666,RESTAU associates,,2019,1/15/19,20190130,USD,2156.16,1/30/19 0:00,0,,2019-01-15,2019-01-30,2019-01-30,0.0,OnTime,AllSectors,15,2156.16,0,0.0,0,0.0,0,0.0,0,0.0,0,0.0
547,1929223471.0,200794332,COST corporation,,2019,4/30/19,20190515,USD,31798.83,5/16/19 0:00,0,,2019-04-30,2019-05-15,2019-05-16,1.0,Late,AllSectors,15,31798.83,2,20499.290476190476,3,13657.106451612903,2,22460.428571428572,0,0.0,0,0.0
548,1929046162.0,200769623,WAL-MAR systems,Retail,2019,3/28/19,20190412,USD,3795.7,04/09/19 0:00,0,,2019-03-28,2019-04-12,2019-04-09,-3.0,Early,Retail,15,3795.7,37,20285.743396226415,0,0.0,7,20161.547887323944,1,791.8272727272727,0,0.0
549,1929871237.0,200726979,BJ'S  corp,,2019,9/13/19,20190928,USD,766.53,9/30/19 0:00,0,,2019-09-13,2019-09-28,2019-09-30,2.0,Late,AllSectors,15,766.53,0,0.0,15,8165.665562913908,14,13500.89574468085,0,0.0,0,0.0
550,1930022749.0,200772670,ASSOCIAT us,,2019,10/17/19,20191101,USD,58685.57,11/04/19 0:00,0,,2019-10-17,2019-11-01,2019-11-04,3.0,Late,AllSectors,15,58685.57,3,55643.96129032257,4,23342.107317073172,9,44669.94065934066,0,0.0,0,0.0
551,1929292672.0,200879892,HILL llc,,2019,5/14/19,20190529,USD,1714.14,5/30/19 0:00,0,,2019-05-14,2019-05-29,2019-05-30,1.0,Late,AllSectors,15,1714.14,0,0.0,0,0.0,0,0.0,0,0.0,0,0.0
552,1991819998.0,CC6050,HEIN co,,2019,1/24/19,20190310,USD,15810.45,4/22/19 0:00,0,,2019-01-24,2019-03-10,2019-04-22,43.0,VeryLate,AllSectors,45,15810.45,0,0.0,0,0.0,0,0.0,0,0.0,0,0.0
553,2960596858.0,140105686,SYSC trust,,2019,12/03/19,20191218,CAD,9907.2,12/23/19 0:00,0,,2019-12-03,2019-12-18,2019-12-23,5.0,Late,AllSectors,15,7232.256,0,0.0,0,0.0,10,38384.047524752474,0,0.0,0,0.0
554,1930186113.0,200782001,GORDO co,,2019,11/22/19,20191207,USD,41616.57,12/17/19 0:00,0,,2019-11-22,2019-12-07,2019-12-17,10.0,Late,AllSectors,15,41616.57,2,18669.20952380952,0,0.0,2,18940.390476190474,0,0.0,0,0.0
555,1930435761.0,200769623,WAL-MAR us,Retail,2020,1/25/20,20200209,USD,44460.03,02/04/20 0:00,0,,2020-01-25,2020-02-09,2020-02-04,-5.0,Early,Retail,15,44460.03,175,23807.051513420898,1,11085.927272727273,32,22470.890342679122,1,791.8272727272727,0,0.0
556,1929947932.0,200769623,WAL-MAR co,Retail,2019,10/02/19,20191017,USD,5625.41,10/15/19 0:00,0,,2019-10-02,2019-10-17,2019-10-15,-2.0,Early,Retail,15,5625.41,113,23740.661803713516,1,11085.927272727273,20,21888.790049751246,1,791.8272727272727,0,0.0
557,1929618102.0,200769623,WAL-MAR associates,Retail,2019,7/13/19,20190728,USD,640.81,7/25/19 0:00,0,,2019-07-13,2019-07-28,2019-07-25,-3.0,Early,Retail,15,640.81,84,22697.735790725324,1,11085.927272727273,16,22594.181987577642,1,791.8272727272727,0,0.0
558,1928697371.0,200769623,WAL-MAR us,Retail,2019,1/28/19,20190212,USD,17375.6,02/11/19 0:00,0,,2019-01-28,2019-02-12,2019-02-11,-1.0,Early,Retail,15,17375.6,14,19626.447517730496,0,0.0,4,25216.339024390247,1,791.8272727272727,0,0.0
560,1930264706.0,200769623,WAL-MAR ,Retail,2019,12/10/19,20191225,USD,13665.79,12/23/19 0:00,0,,2019-12-10,2019-12-25,2019-12-23,-2.0,Early,Retail,15,13665.79,151,23978.95757776306,1,11085.927272727273,29,24292.270790378003,1,791.8272727272727,0,0.0
561,1930138188.0,200726979,BJ'S  corporation,,2019,11/11/19,20191126,USD,374.32,11/26/19 0:00,0,,2019-11-11,2019-11-26,2019-11-26,0.0,OnTime,AllSectors,15,374.32,0,0.0,18,6913.839226519338,18,10693.99447513812,0,0.0,0,0.0
562,1928874085.0,200418007,AM foundation,,2019,03/05/19,20190320,USD,713.84,3/29/19 0:00,0,,2019-03-05,2019-03-20,2019-03-29,9.0,Late,AllSectors,15,713.84,1,66110.07272727272,1,381.8181818181818,1,7081.872727272727,0,0.0,0,0.0
563,1928765362.0,100001196,DOLLAR in,,2019,02/11/19,20190226,USD,5621.11,2/27/19 0:00,0,,2019-02-11,2019-02-26,2019-02-27,1.0,Late,AllSectors,15,5621.11,0,0.0,0,0.0,0,0.0,0,0.0,0,0.0
564,1928967964.0,200759082,INGL corp,,2019,3/15/19,20190330,USD,71693.24,04/01/19 0:00,0,,2019-03-15,2019-03-30,2019-04-01,2.0,Late,AllSectors,15,71693.24,0,0.0,0,0.0,0,0.0,0,0.0,0,0.0
565,1930140256.0,200729942,SA trust,,2019,11/11/19,20191126,USD,778.4,11/26/19 0:00,0,,2019-11-11,2019-11-26,2019-11-26,0.0,OnTime,AllSectors,15,778.4,4,12945.434146341464,0,0.0,1,5183.290909090909,0,0.0,0,0.0
566,1930552241.0,200778998,CE systems,,2020,2/21/20,20200307,USD,72624.23,03/06/20 0:00,0,,2020-02-21,2020-03-07,2020-03-06,-1.0,Early,AllSectors,15,72624.23,0,0.0,1,3911.490909090909,0,0.0,0,0.0,0,0.0
567,1930463205.0,200974851,RESTA systems,,2020,1/31/20,20200215,USD,4735.92,2/14/20 0:00,0,,2020-01-31,2020-02-15,2020-02-14,-1.0,Early,AllSectors,15,4735.92,1,3206.8454545454547,3,2050.6548387096777,1,342.1363636363636,0,0.0,0,0.0
568,1929623294.0,200230690,DECA associates,,2019,7/15/19,20190725,USD,51.66,08/02/19 0:00,0,,2019-07-15,2019-07-25,2019-08-02,8.0,Late,AllSectors,10,51.66,2,1687.4666666666665,0,0.0,1,4271.063636363636,0,0.0,0,0.0
569,1930421258.0,200580232,INTERR co,,2020,1/20/20,20200130,USD,42391.3,1/30/20 0:00,0,,2020-01-20,2020-01-30,2020-01-30,0.0,OnTime,AllSectors,10,42391.3,0,0.0,0,0.0,0,0.0,0,0.0,0,0.0
570,1930433200.0,200794332,COST in,,2020,1/23/20,20200207,USD,33778.35,02/07/20 0:00,0,,2020-01-23,2020-02-07,2020-02-07,0.0,OnTime,AllSectors,15,33778.35,10,29876.434653465345,5,14448.886274509803,5,19066.343137254906,0,0.0,0,0.0
572,1991826726.0,CC6600,KRAFT  corp,,2019,05/01/19,20190615,USD,16935.86,7/24/19 0:00,0,,2019-05-01,2019-06-15,2019-07-24,39.0,VeryLate,AllSectors,45,16935.86,0,0.0,0,0.0,0,0.0,0,0.0,0,0.0
573,1928680214.0,200900909,SYSCO ,,2019,1/24/19,20190208,USD,753.87,02/11/19 0:00,0,,2019-01-24,2019-02-08,2019-02-11,3.0,Late,AllSectors,15,753.87,0,0.0,0,0.0,0,0.0,0,0.0,0,0.0
574,1929274467.0,200934569,SODEXHO  associates,,2019,05/10/19,20190614,USD,1687.37,07/02/19 0:00,0,,2019-05-10,2019-06-14,2019-07-02,18.0,Late,AllSectors,35,1687.37,0,0.0,0,0.0,0,0.0,0,0.0,0,0.0
575,1929772961.0,200794332,COST foundation,,2019,8/22/19,20190906,USD,10795.15,09/06/19 0:00,0,,2019-08-22,2019-09-06,2019-09-06,0.0,OnTime,AllSectors,15,10795.15,6,25662.603278688526,3,13657.106451612903,3,25472.81612903226,0,0.0,0,0.0
576,1929381101.0,200704045,RA in,,2019,5/25/19,20190609,USD,26104.88,06/10/19 0:00,0,,2019-05-25,2019-06-09,2019-06-10,1.0,Late,AllSectors,15,26104.88,0,0.0,2,26819.185714285715,0,0.0,0,0.0,0,0.0
577,1929496846.0,200761734,H E BUT associates,,2019,6/16/19,20190701,USD,32527.63,07/02/19 0:00,0,,2019-06-16,2019-07-01,2019-07-02,1.0,Late,AllSectors,15,32527.63,3,31161.69677419355,0,0.0,1,13604.454545454544,0,0.0,0,0.0
578,1930538353.0,200277896,ASSOCI ,,2020,2/18/20,20200228,USD,70163.54,3/20/20 0:00,0,,2020-02-18,2020-02-28,2020-03-20,21.0,Late,AllSectors,10,70163.54,0,0.0,0,0.0,0,0.0,0,0.0,0,0.0
579,1928958478.0,200769623,WAL-MAR trust,Retail,2019,3/13/19,20190328,USD,139.52,04/01/19 0:00,0,,2019-03-13,2019-03-28,2019-04-01,4.0,Late,Retail,15,139.52,33,17396.346223564953,0,0.0,6,23443.847540983606,1,791.8272727272727,0,0.0
580,1930041856.0,CCCA02,KRAFT  in,,2019,10/24/19,20191128,USD,13108.5,11/27/19 0:00,0,,2019-10-24,2019-11-28,2019-11-27,-1.0,Early,AllSectors,35,13108.5,1,7003.636363636363,1,14768.30909090909,7,29772.023943661974,0,0.0,0,0.0
581,1930020689.0,200780383,MEIJ llc,,2019,10/17/19,20191101,USD,12005.99,11/01/19 0:00,0,,2019-10-17,2019-11-01,2019-11-01,0.0,OnTime,AllSectors,15,12005.99,0,0.0,2,71500.35714285714,5,39488.86078431372,0,0.0,0,0.0
582,1928678948.0,200707005,KING S corporation,,2019,1/26/19,20190210,USD,43121.23,02/11/19 0:00,0,,2019-01-26,2019-02-10,2019-02-11,1.0,Late,AllSectors,15,43121.23,0,0.0,0,0.0,0,0.0,0,0.0,0,0.0
584,1929355790.0,200772670,ASSOCIAT foundation,,2019,5/21/19,20190605,USD,1715.75,06/12/19 0:00,0,,2019-05-21,2019-06-05,2019-06-12,7.0,Late,AllSectors,15,1715.75,3,55643.96129032257,1,24573.22727272727,5,58393.96666666667,0,0.0,0,0.0
585,1928920197.0,140142846,MONDE associates,,2019,03/12/19,20190511,USD,8666.06,5/15/19 0:00,0,,2019-03-12,2019-05-11,2019-05-15,4.0,Late,AllSectors,60,8666.06,0,0.0,0,0.0,0,0.0,0,0.0,0,0.0
586,1928702364.0,200769623,WAL-MAR ,Retail,2019,1/30/19,20190214,USD,1200.99,02/11/19 0:00,0,,2019-01-30,2019-02-14,2019-02-11,-3.0,Early,Retail,15,1200.99,16,18588.411801242233,0,0.0,4,25216.339024390247,1,791.8272727272727,0,0.0
588,1929618228.0,200769623,WAL-MAR trust,Retail,2019,7/15/19,20190730,USD,47004.5,7/25/19 0:00,0,,2019-07-15,2019-07-30,2019-07-25,-5.0,Early,Retail,15,47004.5,85,22438.547473560513,1,11085.927272727273,17,21821.883040935674,1,791.8272727272727,0,0.0
589,1930211877.0,200020431,DEC trust,,2019,12/03/19,20191224,USD,14743.96,12/16/19 0:00,0,,2019-12-03,2019-12-24,2019-12-16,-8.0,Early,AllSectors,21,14743.96,2,7929.857142857143,0,0.0,1,1697.3818181818178,0,0.0,0,0.0
590,1928933414.0,200705089,JETR ,,2019,03/11/19,20190326,USD,10295.37,3/26/19 0:00,0,,2019-03-11,2019-03-26,2019-03-26,0.0,OnTime,AllSectors,15,10295.37,0,0.0,0,0.0,1,13062.6,0,0.0,0,0.0
591,1930396462.0,200148860,DOLLA in,,2020,1/15/20,20200130,USD,51669.22,02/05/20 0:00,0,,2020-01-15,2020-01-30,2020-02-05,6.0,Late,AllSectors,15,51669.22,1,13433.009090909089,3,42673.98387096774,1,56121.590909090904,0,0.0,0,0.0
592,1929134768.0,200927099,THE YOUN corp,,2019,04/12/19,20190427,USD,21555.55,4/22/19 0:00,0,,2019-04-12,2019-04-27,2019-04-22,-5.0,Early,AllSectors,15,21555.55,0,0.0,0,0.0,0,0.0,0,0.0,0,0.0
593,1928866187.0,200749225,SUPER  in,,2019,2/27/19,20190314,USD,113631.54,3/14/19 0:00,0,,2019-02-27,2019-03-14,2019-03-14,0.0,OnTime,AllSectors,15,113631.54,0,0.0,0,0.0,0,0.0,0,0.0,0,0.0
594,1929569386.0,200769623,WAL-MAR ,Retail,2019,07/04/19,20190719,USD,12806.7,7/16/19 0:00,0,,2019-07-04,2019-07-19,2019-07-16,-3.0,Early,Retail,15,12806.7,77,22322.167185473412,1,11085.927272727273,14,21987.720567375887,1,791.8272727272727,0,0.0
595,1929701562.0,200900909,SYSCO corporation,,2019,08/05/19,20190820,USD,4702.73,8/20/19 0:00,0,,2019-08-05,2019-08-20,2019-08-20,0.0,OnTime,AllSectors,15,4702.73,0,0.0,0,0.0,5,15190.794117647061,0,0.0,0,0.0
597,2960592090.0,140104285,BUY- associates,,2019,11/11/19,20191130,CAD,3193.13,11/25/19 0:00,0,,2019-11-11,2019-11-30,2019-11-25,-5.0,Early,AllSectors,19,2330.9849,0,0.0,0,0.0,0,0.0,0,0.0,0,0.0
598,2960519768.0,140106181,THE  corp,,2019,12/30/18,20190110,CAD,117723.35,05/01/19 0:00,0,,2018-12-30,2019-01-10,2019-05-01,111.0,CriticallyLate,AllSectors,11,85938.04550000001,0,0.0,0,0.0,0,0.0,0,0.0,0,0.0
599,1929827873.0,200755701,ASSOCI trust,,2019,09/04/19,20190919,USD,565.17,10/03/19 0:00,0,,2019-09-04,2019-09-19,2019-10-03,14.0,Late,AllSectors,15,565.17,1,24119.02727272727,0,0.0,0,0.0,0,0.0,0,0.0
602,2960580816.0,140104240,FEDER associates,,2019,9/22/19,20191010,CAD,149033.4,10/23/19 0:00,0,,2019-09-22,2019-10-10,2019-10-23,13.0,Late,AllSectors,18,108794.382,0,0.0,0,0.0,0,0.0,0,0.0,0,0.0
603,1928799909.0,200769623,WAL-MAR associates,Retail,2019,2/15/19,20190302,USD,38476.57,3/20/19 0:00,0,,2019-02-15,2019-03-02,2019-03-20,18.0,Late,Retail,15,38476.57,21,15311.995260663502,0,0.0,5,20496.254901960787,1,791.8272727272727,0,0.0
604,1929896613.0,200762301,C&S WH ,,2019,9/19/19,20191004,USD,140453.73,10/04/19 0:00,0,,2019-09-19,2019-10-04,2019-10-04,0.0,OnTime,AllSectors,15,140453.73,3,13575.62258064516,4,52716.85609756099,4,22965.09024390244,0,0.0,0,0.0
605,1929362771.0,200865666,RESTAU systems,,2019,5/22/19,20190606,USD,8942.17,06/06/19 0:00,0,,2019-05-22,2019-06-06,2019-06-06,0.0,OnTime,AllSectors,15,8942.17,0,0.0,1,1960.1454545454542,0,0.0,0,0.0,0,0.0
606,1930100849.0,200793568,SUPE systems,,2019,11/05/19,20191120,USD,1473.29,11/20/19 0:00,0,,2019-11-05,2019-11-20,2019-11-20,0.0,OnTime,AllSectors,15,1473.29,1,5557.263636363636,0,0.0,3,28125.670967741935,0,0.0,0,0.0
607,1928613103.0,200769623,WAL-MAR corp,Retail,2019,01/12/19,20190127,USD,32135.44,1/22/19 0:00,0,,2019-01-12,2019-01-27,2019-01-22,-5.0,Early,Retail,15,32135.44,4,22928.37073170732,0,0.0,0,0.0,0,0.0,0,0.0
608,2960566381.0,100030194,AMAZO foundation,,2019,7/22/19,20190802,CAD,4612.56,08/06/19 0:00,0,,2019-07-22,2019-08-02,2019-08-06,4.0,Late,AllSectors,11,3367.1688000000004,0,0.0,0,0.0,1,2570.7272727272725,0,0.0,0,0.0
609,1930354746.0,200772595,SAFEW corporation,,2020,01/04/20,20200119,USD,114429.2,1/21/20 0:00,0,,2020-01-04,2020-01-19,2020-01-21,2.0,Late,AllSectors,15,114429.2,0,0.0,1,39251.64545454545,3,17239.051612903226,0,0.0,0,0.0
610,1929277221.0,200779719,FOOD 4 corporation,,2019,05/08/19,20190523,USD,14780.25,5/23/19 0:00,0,,2019-05-08,2019-05-23,2019-05-23,0.0,OnTime,AllSectors,15,14780.25,0,0.0,0,0.0,0,0.0,0,0.0,0,0.0
611,1928652067.0,200769623,WAL-MAR llc,Retail,2019,1/20/19,20190204,USD,1235.26,1/31/19 0:00,0,,2019-01-20,2019-02-04,2019-01-31,-4.0,Early,Retail,15,1235.26,11,20286.940540540538,0,0.0,1,32898.281818181815,0,0.0,0,0.0
612,1929259321.0,200900909,SYSCO corp,,2019,05/03/19,20190604,USD,20388.61,06/10/19 0:00,0,,2019-05-03,2019-06-04,2019-06-10,6.0,Late,AllSectors,32,20388.61,0,0.0,0,0.0,3,8314.429032258064,0,0.0,0,0.0
613,2960596611.0,140104429,COSTCO systems,,2019,11/28/19,20191210,CAD,4871.52,12/09/19 0:00,0,,2019-11-28,2019-12-10,2019-12-09,-1.0,Early,AllSectors,12,3556.2096,1,87761.91818181818,0,0.0,6,42678.29180327869,0,0.0,0,0.0
614,1991822515.0,140101904,SIGMA AL us,,2019,02/05/19,20190307,USD,43191.66,02/07/19 0:00,0,,2019-02-05,2019-03-07,2019-02-07,-28.0,Early,AllSectors,30,43191.66,0,0.0,0,0.0,0,0.0,0,0.0,0,0.0
615,1928686953.0,200803720,DEC systems,,2019,1/26/19,20190208,USD,14879.66,02/01/19 0:00,0,,2019-01-26,2019-02-08,2019-02-01,-7.0,Early,AllSectors,13,14879.66,0,0.0,0,0.0,0,0.0,0,0.0,0,0.0
616,2960534618.0,140104340,COLABOR  ,,2019,3/13/19,20190324,CAD,6779.1,05/02/19 0:00,0,,2019-03-13,2019-03-24,2019-05-02,39.0,VeryLate,AllSectors,11,4948.743,0,0.0,0,0.0,1,3480.6454545454544,0,0.0,0,0.0
618,1930164883.0,200230690,DECA corp,,2019,11/19/19,20191123,USD,2279.05,11/21/19 0:00,0,,2019-11-19,2019-11-23,2019-11-21,-2.0,Early,AllSectors,4,2279.05,4,6434.802439024392,0,0.0,2,2261.8238095238094,0,0.0,0,0.0
621,1928959886.0,200707822,PUBLI ,,2019,3/16/19,20190331,USD,80350.75,04/01/19 0:00,0,,2019-03-16,2019-03-31,2019-04-01,1.0,Late,AllSectors,15,80350.75,0,0.0,0,0.0,2,53814.376190476185,0,0.0,0,0.0
622,1930450588.0,200661137,AFFI associates,,2020,1/28/20,20200212,USD,16091.15,02/07/20 0:00,0,,2020-01-28,2020-02-12,2020-02-07,-5.0,Early,AllSectors,15,16091.15,0,0.0,0,0.0,0,0.0,0,0.0,0,0.0
623,1929829797.0,200792200,APPE associates,,2019,09/04/19,20190919,USD,1191.92,9/23/19 0:00,0,,2019-09-04,2019-09-19,2019-09-23,4.0,Late,AllSectors,15,1191.92,0,0.0,0,0.0,0,0.0,0,0.0,0,0.0
624,1929938668.0,200769623,WAL-MAR ,Retail,2019,9/29/19,20191014,USD,1897.5,10/11/19 0:00,0,,2019-09-29,2019-10-14,2019-10-11,-3.0,Early,Retail,15,1897.5,109,24251.933822181476,1,11085.927272727273,19,22865.912565445025,1,791.8272727272727,0,0.0
626,1928675163.0,200769623,WAL-MAR trust,Retail,2019,1/23/19,20190207,USD,871.01,05/08/19 0:00,0,,2019-01-23,2019-02-07,2019-05-08,90.0,VeryLate,Retail,15,871.01,12,18712.421487603304,0,0.0,1,32898.281818181815,0,0.0,0,0.0
628,1929529483.0,200769623,WAL-MAR corporation,Retail,2019,6/22/19,20190707,USD,47291.41,07/09/19 0:00,0,,2019-06-22,2019-07-07,2019-07-09,2.0,Late,Retail,15,47291.41,71,20287.749226441625,1,11085.927272727273,13,20056.141221374048,1,791.8272727272727,0,0.0
630,1928886271.0,200790710,F corporation,,2019,03/07/19,20190408,USD,10302.08,04/09/19 0:00,0,,2019-03-07,2019-04-08,2019-04-09,1.0,Late,AllSectors,32,10302.08,0,0.0,0,0.0,0,0.0,0,0.0,0,0.0
631,1930506320.0,200792283,SYSCO  associates,,2020,02/10/20,20200225,USD,38294.27,2/26/20 0:00,0,,2020-02-10,2020-02-25,2020-02-26,1.0,Late,AllSectors,15,38294.27,0,0.0,0,0.0,0,0.0,0,0.0,0,0.0
632,1929103763.0,200472086,CONSUMER foundation,,2019,04/11/19,20190426,USD,43056.57,4/24/19 0:00,0,,2019-04-11,2019-04-26,2019-04-24,-2.0,Early,AllSectors,15,43056.57,0,0.0,0,0.0,0,0.0,0,0.0,0,0.0
634,2960592167.0,140104340,COLABOR  corporation,,2019,11/10/19,20191122,CAD,113594.29,11/21/19 0:00,0,,2019-11-10,2019-11-22,2019-11-21,-1.0,Early,AllSectors,12,82923.8317,3,10625.464516129032,0,0.0,3,19043.287096774195,1,6162.818181818182,0,0.0
635,1928786868.0,200769623,WAL-MAR associates,Retail,2019,2/13/19,20190228,USD,1355.27,2/25/19 0:00,0,,2019-02-13,2019-02-28,2019-02-25,-3.0,Early,Retail,15,1355.27,20,16006.359701492534,0,0.0,4,25216.339024390247,1,791.8272727272727,0,0.0
636,1929000368.0,200772670,ASSOCIAT corporation,,2019,3/22/19,20190406,USD,76933.62,04/04/19 0:00,0,,2019-03-22,2019-04-06,2019-04-04,-2.0,Early,AllSectors,15,76933.62,2,45506.028571428564,1,24573.22727272727,1,41955.163636363635,0,0.0,0,0.0
637,1929014401.0,100021540,MASTER us,,2019,3/24/19,20190403,USD,2714.35,04/03/19 0:00,0,,2019-03-24,2019-04-03,2019-04-03,0.0,OnTime,AllSectors,10,2714.35,0,0.0,0,0.0,0,0.0,0,0.0,0,0.0
638,1929136084.0,200726979,BJ'S  llc,,2019,4/13/19,20190428,USD,544.42,4/29/19 0:00,0,,2019-04-13,2019-04-28,2019-04-29,1.0,Late,AllSectors,15,544.42,0,0.0,3,32735.135483870967,5,16873.511764705883,0,0.0,0,0.0
639,2960584907.0,140104240,FEDER us,,2019,10/04/19,20191023,CAD,170156.62,10/23/19 0:00,0,,2019-10-04,2019-10-23,2019-10-23,0.0,OnTime,AllSectors,19,124214.3326,0,0.0,0,0.0,1,135484.9090909091,0,0.0,0,0.0
640,1929719386.0,200761734,H E BUT trust,,2019,08/09/19,20190824,USD,1584.8,8/23/19 0:00,0,,2019-08-09,2019-08-24,2019-08-23,-1.0,Early,AllSectors,15,1584.8,4,42596.3024390244,0,0.0,2,22615.490476190476,0,0.0,0,0.0
641,1928676836.0,200780383,MEIJ corporation,,2019,1/24/19,20190208,USD,18495.86,02/08/19 0:00,0,,2019-01-24,2019-02-08,2019-02-08,0.0,OnTime,AllSectors,15,18495.86,0,0.0,0,0.0,1,42249.53636363636,0,0.0,0,0.0
642,1928870382.0,200769623,WAL-MAR in,Retail,2019,2/28/19,20190315,USD,19557.41,03/12/19 0:00,0,,2019-02-28,2019-03-15,2019-03-12,-3.0,Early,Retail,15,19557.41,25,15567.849003984062,0,0.0,6,23443.847540983606,1,791.8272727272727,0,0.0
643,1928855969.0,200331749,SYSC trust,,2019,2/27/19,20190314,USD,3711.48,3/15/19 0:00,0,,2019-02-27,2019-03-14,2019-03-15,1.0,Late,AllSectors,15,3711.48,0,0.0,0,0.0,0,0.0,0,0.0,0,0.0
646,1929232165.0,200759082,INGL ,,2019,4/30/19,20190515,USD,135078.23,5/16/19 0:00,0,,2019-04-30,2019-05-15,2019-05-16,1.0,Late,AllSectors,15,135078.23,0,0.0,0,0.0,1,65175.67272727273,0,0.0,0,0.0
647,1929559145.0,200769623,WAL-MAR foundation,Retail,2019,6/29/19,20190714,USD,12731.68,07/10/19 0:00,0,,2019-06-29,2019-07-14,2019-07-10,-4.0,Early,Retail,15,12731.68,74,21987.180701754387,1,11085.927272727273,14,21987.720567375887,1,791.8272727272727,0,0.0
648,1929113766.0,200764795,SYSCO  us,,2019,04/11/19,20190426,USD,28860.44,4/29/19 0:00,0,,2019-04-11,2019-04-26,2019-04-29,3.0,Late,AllSectors,15,28860.44,0,0.0,0,0.0,0,0.0,0,0.0,0,0.0
651,1929716709.0,200769623,WAL-MAR associates,Retail,2019,08/09/19,20190824,USD,50578.05,8/20/19 0:00,0,,2019-08-09,2019-08-24,2019-08-20,-4.0,Early,Retail,15,50578.05,91,22568.825027442366,1,11085.927272727273,18,24033.357458563536,1,791.8272727272727,0,0.0
652,1929789825.0,200769623,WAL-MAR systems,Retail,2019,8/26/19,20190910,USD,16282.38,09/05/19 0:00,0,,2019-08-26,2019-09-10,2019-09-05,-5.0,Early,Retail,15,16282.38,102,23952.592850146906,1,11085.927272727273,18,24033.357458563536,1,791.8272727272727,0,0.0
653,1990566718.0,200816950,COLOM corporation,,2019,04/08/19,20190508,USD,70142.76,06/12/19 0:00,0,,2019-04-08,2019-05-08,2019-06-12,35.0,VeryLate,AllSectors,30,70142.76,0,0.0,0,0.0,0,0.0,0,0.0,0,0.0
654,1929405493.0,200714710,SYSCO  co,,2019,5/31/19,20190615,USD,48.74,6/21/19 0:00,0,,2019-05-31,2019-06-15,2019-06-21,6.0,Late,AllSectors,15,48.74,1,43477.990909090906,0,0.0,2,18062.509523809524,0,0.0,0,0.0
655,1929352250.0,200705372,FR trust,,2019,5/22/19,20190606,USD,5323.59,06/06/19 0:00,0,,2019-05-22,2019-06-06,2019-06-06,0.0,OnTime,AllSectors,15,5323.59,0,0.0,0,0.0,0,0.0,0,0.0,0,0.0
656,1930261668.0,200769623,WAL-MAR systems,Retail,2019,12/10/19,20191225,USD,10203.2,12/23/19 0:00,0,,2019-12-10,2019-12-25,2019-12-23,-2.0,Early,Retail,15,10203.2,151,23978.95757776306,1,11085.927272727273,29,24292.270790378003,1,791.8272727272727,0,0.0
657,1930169172.0,200726979,BJ'S  ,,2019,11/19/19,20191204,USD,728.01,12/04/19 0:00,0,,2019-11-19,2019-12-04,2019-12-04,0.0,OnTime,AllSectors,15,728.01,0,0.0,19,6571.456020942409,18,10693.99447513812,0,0.0,0,0.0
659,1929968052.0,200759878,SA systems,,2019,10/05/19,20191020,USD,20282.98,10/21/19 0:00,0,,2019-10-05,2019-10-20,2019-10-21,1.0,Late,AllSectors,15,20282.98,0,0.0,6,53266.14262295082,15,36140.42649006623,0,0.0,0,0.0
660,1929740014.0,200726979,BJ'S  ,,2019,8/15/19,20190830,USD,9222.81,8/30/19 0:00,0,,2019-08-15,2019-08-30,2019-08-30,0.0,OnTime,AllSectors,15,9222.81,0,0.0,14,8090.690780141845,14,13500.89574468085,0,0.0,0,0.0
661,1929790899.0,200772670,ASSOCIAT trust,,2019,8/25/19,20190909,USD,15839.46,09/09/19 0:00,0,,2019-08-25,2019-09-09,2019-09-09,0.0,OnTime,AllSectors,15,15839.46,3,55643.96129032257,2,36956.57619047619,9,44669.94065934066,0,0.0,0,0.0
663,1929298487.0,200726979,BJ'S  in,,2019,05/12/19,20190527,USD,158.23,5/28/19 0:00,0,,2019-05-12,2019-05-27,2019-05-28,1.0,Late,AllSectors,15,158.23,0,0.0,4,27000.421951219512,7,12219.015492957746,0,0.0,0,0.0
664,2960603889.0,140104409,LOB co,,2020,01/12/20,20200131,CAD,88433.88,1/31/20 0:00,0,,2020-01-12,2020-01-31,2020-01-31,0.0,OnTime,AllSectors,19,64556.7324,0,0.0,0,0.0,3,180017.18064516128,0,0.0,0,0.0
666,2960529816.0,140106271,LONGO  trust,,2019,2/19/19,20190302,CAD,159967.24,03/06/19 0:00,0,,2019-02-19,2019-03-02,2019-03-06,4.0,Late,AllSectors,11,116776.08519999999,0,0.0,0,0.0,0,0.0,0,0.0,0,0.0
667,1929687143.0,200759878,SA co,,2019,08/02/19,20190817,USD,39664.91,8/19/19 0:00,0,,2019-08-02,2019-08-17,2019-08-19,2.0,Late,AllSectors,15,39664.91,0,0.0,4,67404.30731707318,11,35788.36576576577,0,0.0,0,0.0
670,1928737178.0,200706844,WINC associates,,2019,02/06/19,20190221,USD,822.03,2/22/19 0:00,0,,2019-02-06,2019-02-21,2019-02-22,1.0,Late,AllSectors,15,822.03,0,0.0,0,0.0,0,0.0,1,524.4363636363636,0,0.0
671,1930465764.0,200704045,RA associates,,2020,1/31/20,20200215,USD,38128.47,2/18/20 0:00,0,,2020-01-31,2020-02-15,2020-02-18,3.0,Late,AllSectors,15,38128.47,0,0.0,2,26819.185714285715,2,13255.038095238095,0,0.0,0,0.0
674,1929058774.0,200752302,KROGER corp,,2019,3/31/19,20190415,USD,93149.86,4/15/19 0:00,0,,2019-03-31,2019-04-15,2019-04-15,0.0,OnTime,AllSectors,15,93149.86,0,0.0,0,0.0,0,0.0,0,0.0,0,0.0
676,1929574004.0,200793513,KROGER foundation,,2019,07/03/19,20190718,USD,2779.34,7/18/19 0:00,0,,2019-07-03,2019-07-18,2019-07-18,0.0,OnTime,AllSectors,15,2779.34,0,0.0,0,0.0,0,0.0,0,0.0,0,0.0
677,1929928111.0,200786288,FAMILY systems,,2019,9/27/19,20191012,USD,86572.76,10/11/19 0:00,0,,2019-09-27,2019-10-12,2019-10-11,-1.0,Early,AllSectors,15,86572.76,1,9128.127272727272,0,0.0,0,0.0,0,0.0,0,0.0
678,1930268849.0,200769623,WAL-MAR systems,Retail,2019,12/11/19,20191226,USD,471.56,12/23/19 0:00,0,,2019-12-11,2019-12-26,2019-12-23,-3.0,Early,Retail,15,471.56,154,23671.708371187535,1,11085.927272727273,29,24292.270790378003,1,791.8272727272727,0,0.0
679,1930070263.0,CCU013,KRAFT F co,,2019,10/12/19,20191012,USD,113248.8,11/27/19 0:00,0,,2019-10-12,2019-10-12,2019-11-27,46.0,VeryLate,AllSectors,0,113248.8,0,0.0,0,0.0,0,0.0,3,29788.412903225802,0,0.0
680,1929154069.0,100031704,DELHAIZE systems,,2019,4/16/19,20190501,USD,23699.69,05/01/19 0:00,0,,2019-04-16,2019-05-01,2019-05-01,0.0,OnTime,AllSectors,15,23699.69,1,54502.93636363636,1,581.8181818181818,2,26661.87619047619,0,0.0,0,0.0
683,1929945835.0,200769623,WAL-MAR in,Retail,2019,10/03/19,20191018,USD,44409.01,10/15/19 0:00,0,,2019-10-03,2019-10-18,2019-10-15,-3.0,Early,Retail,15,44409.01,115,23393.505299739347,1,11085.927272727273,20,21888.790049751246,1,791.8272727272727,0,0.0
684,1929071943.0,200759878,SA us,,2019,04/04/19,20190419,USD,14135.58,4/22/19 0:00,0,,2019-04-04,2019-04-19,2019-04-22,3.0,Late,AllSectors,15,14135.58,0,0.0,1,57069.42727272727,6,29044.685245901637,0,0.0,0,0.0
686,1929770214.0,200769623,WAL-MAR foundation,Retail,2019,8/21/19,20190905,USD,70114.05,09/03/19 0:00,0,,2019-08-21,2019-09-05,2019-09-03,-2.0,Early,Retail,15,70114.05,97,23450.63048403707,1,11085.927272727273,18,24033.357458563536,1,791.8272727272727,0,0.0
689,2960537073.0,140104429,COSTCO systems,,2019,3/26/19,20190405,CAD,46316.04,04/08/19 0:00,0,,2019-03-26,2019-04-05,2019-04-08,3.0,Late,AllSectors,10,33810.7092,0,0.0,0,0.0,0,0.0,0,0.0,0,0.0
690,1930135874.0,200789077,US  llc,,2019,11/11/19,20191201,USD,48057.12,12/02/19 0:00,0,,2019-11-11,2019-12-01,2019-12-02,1.0,Late,AllSectors,20,48057.12,0,0.0,0,0.0,0,0.0,0,0.0,0,0.0
691,1929386148.0,200762301,C&S WH systems,,2019,5/28/19,20190612,USD,83492.85,06/12/19 0:00,0,,2019-05-28,2019-06-12,2019-06-12,0.0,OnTime,AllSectors,15,83492.85,1,26.027272727272724,3,42789.11612903226,3,29862.364516129033,0,0.0,0,0.0
692,1929637651.0,200416837,DEC us,,2019,7/19/19,20190808,USD,3466.86,08/01/19 0:00,0,,2019-07-19,2019-08-08,2019-08-01,-7.0,Early,AllSectors,20,3466.86,2,486.08571428571423,0,0.0,1,18961.081818181814,0,0.0,0,0.0
693,1929239105.0,200721222,GO ,,2019,05/01/19,20190516,USD,28327.91,5/22/19 0:00,0,,2019-05-01,2019-05-16,2019-05-22,6.0,Late,AllSectors,15,28327.91,0,0.0,0,0.0,0,0.0,0,0.0,0,0.0
694,1929710601.0,200726979,BJ'S  systems,,2019,08/06/19,20190821,USD,995.02,8/21/19 0:00,0,,2019-08-06,2019-08-21,2019-08-21,0.0,OnTime,AllSectors,15,995.02,0,0.0,13,8632.34503816794,14,13500.89574468085,0,0.0,0,0.0
695,1929422634.0,100047471,ALL co,,2019,06/03/19,20190613,USD,8587.2,6/13/19 0:00,0,,2019-06-03,2019-06-13,2019-06-13,0.0,OnTime,AllSectors,10,8587.2,0,0.0,0,0.0,0,0.0,0,0.0,0,0.0
696,1930013944.0,200781803,JRD in,,2019,10/16/19,20191031,USD,12028.76,10/31/19 0:00,0,,2019-10-16,2019-10-31,2019-10-31,0.0,OnTime,AllSectors,15,12028.76,0,0.0,2,6128.128571428571,0,0.0,0,0.0,0,0.0
697,1929451539.0,200769623,WAL-MAR in,Retail,2019,06/08/19,20190623,USD,7837.29,6/18/19 0:00,0,,2019-06-08,2019-06-23,2019-06-18,-5.0,Early,Retail,15,7837.29,64,20198.09906396256,1,11085.927272727273,12,20537.457851239673,1,791.8272727272727,0,0.0
699,1930554549.0,200759878,SA corporation,,2020,2/22/20,20200308,USD,32198.4,03/10/20 0:00,0,,2020-02-22,2020-03-08,2020-03-10,2.0,Late,AllSectors,15,32198.4,1,112770.3818181818,6,53266.14262295082,23,34437.289610389606,0,0.0,0,0.0
700,1929755281.0,200769623,WAL-MAR systems,Retail,2019,8/18/19,20190902,USD,83318.45,8/28/19 0:00,0,,2019-08-18,2019-09-02,2019-08-28,-5.0,Early,Retail,15,83318.45,95,23008.8050473186,1,11085.927272727273,18,24033.357458563536,1,791.8272727272727,0,0.0
702,1930348204.0,200769623,WAL-MAR llc,Retail,2020,01/02/20,20200117,USD,47009.34,1/14/20 0:00,0,,2020-01-02,2020-01-17,2020-01-14,-3.0,Early,Retail,15,47009.34,161,23417.04767225325,1,11085.927272727273,29,24292.270790378003,1,791.8272727272727,0,0.0
705,1928545537.0,200126819,MCLANE foundation,,2019,01/04/19,20190119,USD,35525.25,1/18/19 0:00,0,,2019-01-04,2019-01-19,2019-01-18,-1.0,Early,AllSectors,15,35525.25,0,0.0,0,0.0,0,0.0,0,0.0,0,0.0
706,1930040781.0,200778870,C in,,2019,10/22/19,20191106,USD,7414.98,11/25/19 0:00,0,,2019-10-22,2019-11-06,2019-11-25,19.0,Late,AllSectors,15,7414.98,0,0.0,0,0.0,3,46993.112903225796,0,0.0,0,0.0
707,1928683120.0,200769623,WAL-MAR systems,Retail,2019,1/26/19,20190210,USD,9031.16,02/12/19 0:00,0,,2019-01-26,2019-02-10,2019-02-12,2.0,Late,Retail,15,9031.16,13,20955.66641221374,0,0.0,3,30437.364516129033,1,791.8272727272727,0,0.0
708,1928845264.0,200780383,MEIJ llc,,2019,2/22/19,20190309,USD,74804.43,03/11/19 0:00,0,,2019-02-22,2019-03-09,2019-03-11,2.0,Late,AllSectors,15,74804.43,0,0.0,1,16814.418181818182,1,42249.53636363636,0,0.0,0,0.0
709,1930378185.0,100043936,PAPA JO llc,,2020,01/10/20,20200120,USD,18145.19,1/21/20 0:00,0,,2020-01-10,2020-01-20,2020-01-21,1.0,Late,AllSectors,10,18145.19,0,0.0,1,13660.30909090909,0,0.0,0,0.0,0,0.0
710,1930066534.0,100031704,DELHAIZE corp,,2019,10/30/19,20191114,USD,14029.84,11/19/19 0:00,0,,2019-10-30,2019-11-14,2019-11-19,5.0,Late,AllSectors,15,14029.84,2,52904.91904761905,2,11590.32857142857,2,26661.87619047619,0,0.0,0,0.0
711,1930209402.0,200553372,VITC in,,2019,12/02/19,20191217,USD,43441.4,12/17/19 0:00,0,,2019-12-02,2019-12-17,2019-12-17,0.0,OnTime,AllSectors,15,43441.4,0,0.0,0,0.0,0,0.0,0,0.0,0,0.0
712,1929670954.0,200778998,CE co,,2019,7/29/19,20190813,USD,4302.64,8/13/19 0:00,0,,2019-07-29,2019-08-13,2019-08-13,0.0,OnTime,AllSectors,15,4302.64,0,0.0,0,0.0,0,0.0,0,0.0,0,0.0
713,1929661135.0,200515231,US  ,,2019,7/24/19,20190808,USD,37441.9,08/12/19 0:00,0,,2019-07-24,2019-08-08,2019-08-12,4.0,Late,AllSectors,15,37441.9,0,0.0,0,0.0,0,0.0,0,0.0,0,0.0
715,1929169905.0,200416837,DEC us,,2019,4/18/19,20190509,USD,567.96,05/01/19 0:00,0,,2019-04-18,2019-05-09,2019-05-01,-8.0,Early,AllSectors,21,567.96,0,0.0,0,0.0,1,18961.081818181814,0,0.0,0,0.0
716,1929540328.0,200726979,BJ'S  co,,2019,6/25/19,20190710,USD,63.33,07/10/19 0:00,0,,2019-06-25,2019-07-10,2019-07-10,0.0,OnTime,AllSectors,15,63.33,0,0.0,9,12280.932967032968,12,8802.746280991736,0,0.0,0,0.0
717,1930248291.0,200769623,WAL-MAR foundation,Retail,2019,12/07/19,20191222,USD,42169.82,12/19/19 0:00,0,,2019-12-07,2019-12-22,2019-12-19,-3.0,Early,Retail,15,42169.82,146,23977.61950718685,1,11085.927272727273,29,24292.270790378003,1,791.8272727272727,0,0.0
718,1928690262.0,200466603,SMITH'S ,,2019,1/27/19,20190211,USD,124813.55,02/11/19 0:00,0,,2019-01-27,2019-02-11,2019-02-11,0.0,OnTime,AllSectors,15,124813.55,0,0.0,0,0.0,0,0.0,0,0.0,0,0.0
719,1929563872.0,200148860,DOLLA systems,,2019,07/02/19,20190717,USD,61733.75,7/18/19 0:00,0,,2019-07-02,2019-07-17,2019-07-18,1.0,Late,AllSectors,15,61733.75,0,0.0,1,16478.84545454545,0,0.0,0,0.0,0,0.0
720,1930462574.0,200769623,WAL-MAR llc,Retail,2020,02/02/20,20200217,USD,68612.73,2/18/20 0:00,0,,2020-02-02,2020-02-17,2020-02-18,1.0,Late,Retail,15,68612.73,177,23859.43083003952,1,11085.927272727273,34,23806.461290322575,1,791.8272727272727,0,0.0
721,1930323341.0,200229974,DARDEN D trust,,2020,12/29/19,20200113,USD,16907.37,02/05/20 0:00,0,,2019-12-29,2020-01-13,2020-02-05,23.0,Late,AllSectors,15,16907.37,1,20690.572727272727,0,0.0,0,0.0,0,0.0,0,0.0
724,1929558684.0,200726979,BJ'S  systems,,2019,07/02/19,20190717,USD,83649.87,7/18/19 0:00,0,,2019-07-02,2019-07-17,2019-07-18,1.0,Late,AllSectors,15,83649.87,0,0.0,11,10120.578378378379,12,8802.746280991736,0,0.0,0,0.0
725,1929649884.0,200759082,INGL corporation,,2019,7/22/19,20190806,USD,93120.58,08/08/19 0:00,0,,2019-07-22,2019-08-06,2019-08-08,2.0,Late,AllSectors,15,93120.58,0,0.0,0,0.0,2,98462.60476190477,0,0.0,0,0.0
726,1928680324.0,200781803,JRD in,,2019,1/24/19,20190213,USD,11148.0,2/13/19 0:00,0,,2019-01-24,2019-02-13,2019-02-13,0.0,OnTime,AllSectors,20,11148.0,0,0.0,0,0.0,0,0.0,0,0.0,0,0.0
727,1930050143.0,CCU013,KRAFT F in,,2019,10/25/19,20191025,USD,9117.6,11/27/19 0:00,0,,2019-10-25,2019-10-25,2019-11-27,33.0,VeryLate,AllSectors,0,9117.6,0,0.0,0,0.0,0,0.0,4,50144.60487804878,0,0.0
729,1929403329.0,200129450,NU ,,2019,5/30/19,20190629,USD,75652.09,07/09/19 0:00,0,,2019-05-30,2019-06-29,2019-07-09,10.0,Late,AllSectors,30,75652.09,0,0.0,0,0.0,0,0.0,0,0.0,0,0.0
730,1928551609.0,200748108,KROGER foundation,,2019,01/03/19,20190118,USD,123571.55,1/18/19 0:00,0,,2019-01-03,2019-01-18,2019-01-18,0.0,OnTime,AllSectors,15,123571.55,0,0.0,0,0.0,0,0.0,0,0.0,0,0.0
732,1929053312.0,200743123,KROGER associates,,2019,3/29/19,20190413,USD,50574.77,4/30/19 0:00,0,,2019-03-29,2019-04-13,2019-04-30,17.0,Late,AllSectors,15,50574.77,0,0.0,0,0.0,0,0.0,0,0.0,0,0.0
733,2960535830.0,140105686,SYSC trust,,2019,3/16/19,20190331,CAD,10374.15,04/04/19 0:00,0,,2019-03-16,2019-03-31,2019-04-04,4.0,Late,AllSectors,15,7573.129499999999,0,0.0,0,0.0,1,23073.045454545452,0,0.0,0,0.0
734,1930406612.0,200772670,ASSOCIAT us,,2020,1/16/20,20200131,USD,43105.4,1/31/20 0:00,0,,2020-01-16,2020-01-31,2020-01-31,0.0,OnTime,AllSectors,15,43105.4,3,55643.96129032257,4,23342.107317073172,14,42091.880851063834,0,0.0,0,0.0
735,1930262297.0,200936373,SUPE corporation,,2019,12/11/19,20191226,USD,53246.58,12/26/19 0:00,0,,2019-12-11,2019-12-26,2019-12-26,0.0,OnTime,AllSectors,15,53246.58,0,0.0,2,28117.819047619047,5,55681.73921568628,0,0.0,0,0.0
736,1928780028.0,200726979,BJ'S  llc,,2019,02/12/19,20190227,USD,233.63,03/01/19 0:00,0,,2019-02-12,2019-02-27,2019-03-01,2.0,Late,AllSectors,15,233.63,0,0.0,0,0.0,2,40062.85238095238,0,0.0,0,0.0
737,1928938206.0,200795490,HY -  in,,2019,03/09/19,20190324,USD,85745.12,3/26/19 0:00,0,,2019-03-09,2019-03-24,2019-03-26,2.0,Late,AllSectors,15,85745.12,0,0.0,0,0.0,1,86268.88181818182,0,0.0,0,0.0
738,1928884653.0,200687457,ARKANS associates,,2019,03/01/19,20190311,USD,7235.42,03/12/19 0:00,0,,2019-03-01,2019-03-11,2019-03-12,1.0,Late,AllSectors,10,7235.42,0,0.0,0,0.0,0,0.0,0,0.0,0,0.0
740,1929618899.0,200275115,SHAWS  corp,,2019,7/17/19,20190801,USD,13044.44,08/01/19 0:00,0,,2019-07-17,2019-08-01,2019-08-01,0.0,OnTime,AllSectors,15,13044.44,0,0.0,0,0.0,0,0.0,0,0.0,0,0.0
741,1929978528.0,200729942,SA co,,2019,10/07/19,20191022,USD,8931.94,10/21/19 0:00,0,,2019-10-07,2019-10-22,2019-10-21,-1.0,Early,AllSectors,15,8931.94,3,14240.109677419354,0,0.0,1,5183.290909090909,0,0.0,0,0.0
742,1928798696.0,200726979,BJ'S  corp,,2019,2/15/19,20190302,USD,868.89,03/04/19 0:00,0,,2019-02-15,2019-03-02,2019-03-04,2.0,Late,AllSectors,15,868.89,0,0.0,1,383.4363636363636,4,20777.07804878049,0,0.0,0,0.0
743,2960532290.0,140104229,A & W F ,,2019,03/05/19,20190316,CAD,3075.3,3/18/19 0:00,0,,2019-03-05,2019-03-16,2019-03-18,2.0,Late,AllSectors,11,2244.969,0,0.0,0,0.0,0,0.0,0,0.0,0,0.0
744,1928738609.0,200714710,SYSCO  foundation,,2019,02/05/19,20190225,USD,37050.19,2/26/19 0:00,0,,2019-02-05,2019-02-25,2019-02-26,1.0,Late,AllSectors,20,37050.19,1,43477.990909090906,0,0.0,1,800.9818181818182,0,0.0,0,0.0
746,1929406343.0,200782669,SYGMA us,,2019,5/30/19,20190614,USD,1084.89,6/17/19 0:00,0,,2019-05-30,2019-06-14,2019-06-17,3.0,Late,AllSectors,15,1084.89,0,0.0,0,0.0,3,19423.558064516128,0,0.0,0,0.0
748,1928990149.0,100021392,MY MOT trust,,2019,3/19/19,20190403,USD,14864.04,04/03/19 0:00,0,,2019-03-19,2019-04-03,2019-04-03,0.0,OnTime,AllSectors,15,14864.04,0,0.0,0,0.0,0,0.0,0,0.0,0,0.0
749,1930129761.0,200915438,GROC co,,2019,11/13/19,20191128,USD,2342.0,11/29/19 0:00,0,,2019-11-13,2019-11-28,2019-11-29,1.0,Late,AllSectors,15,2342.0,0,0.0,2,11036.485714285714,0,0.0,0,0.0,0,0.0
750,1928944617.0,200406153,JALI corp,,2019,03/11/19,20190326,USD,6648.18,04/01/19 0:00,0,,2019-03-11,2019-03-26,2019-04-01,6.0,Late,AllSectors,15,6648.18,0,0.0,0,0.0,0,0.0,0,0.0,0,0.0
751,1929223945.0,200769623,WAL-MAR systems,Retail,2019,4/30/19,20190515,USD,16286.18,05/10/19 0:00,0,,2019-04-30,2019-05-15,2019-05-10,-5.0,Early,Retail,15,16286.18,49,20134.15274949084,1,11085.927272727273,8,17723.343209876544,1,791.8272727272727,0,0.0
752,1929260052.0,CCCA02,KRAFT  us,,2019,05/06/19,20190610,USD,18250.2,6/28/19 0:00,0,,2019-05-06,2019-06-10,2019-06-28,18.0,Late,AllSectors,35,18250.2,1,7003.636363636363,1,14768.30909090909,2,11413.409523809523,0,0.0,0,0.0
754,1930488274.0,200769623,WAL-MAR co,Retail,2020,02/08/20,20200223,USD,1481.01,2/20/20 0:00,0,,2020-02-08,2020-02-23,2020-02-20,-3.0,Early,Retail,15,1481.01,179,23715.4688442211,1,11085.927272727273,35,25082.993162393155,1,791.8272727272727,0,0.0
755,1928580414.0,200769623,WAL-MAR corporation,Retail,2019,01/07/19,20190122,USD,13720.16,1/17/19 0:00,0,,2019-01-07,2019-01-22,2019-01-17,-5.0,Early,Retail,15,13720.16,1,18813.98181818182,0,0.0,0,0.0,0,0.0,0,0.0
756,1929807403.0,200779111,NICH trust,,2019,8/29/19,20190913,USD,35052.83,09/10/19 0:00,0,,2019-08-29,2019-09-13,2019-09-10,-3.0,Early,AllSectors,15,35052.83,0,0.0,0,0.0,0,0.0,0,0.0,0,0.0
757,1928707920.0,200779906,BOZZU trust,,2019,1/30/19,20190214,USD,54315.94,2/15/19 0:00,0,,2019-01-30,2019-02-14,2019-02-15,1.0,Late,AllSectors,15,54315.94,0,0.0,0,0.0,0,0.0,0,0.0,0,0.0
760,1929231587.0,100049075,LIBERT llc,,2019,05/03/19,20190518,USD,11990.8,06/01/19 0:00,0,,2019-05-03,2019-05-18,2019-06-01,14.0,Late,AllSectors,15,11990.8,0,0.0,0,0.0,0,0.0,0,0.0,0,0.0
761,1929136161.0,200769623,WAL-MAR llc,Retail,2019,04/12/19,20190427,USD,36360.46,4/23/19 0:00,0,,2019-04-12,2019-04-27,2019-04-23,-4.0,Early,Retail,15,36360.46,40,19641.400249376562,0,0.0,7,20161.547887323944,1,791.8272727272727,0,0.0
763,1930518906.0,200726979,BJ'S  trust,,2020,2/13/20,20200228,USD,33.18,03/02/20 0:00,0,,2020-02-13,2020-02-28,2020-03-02,3.0,Late,AllSectors,15,33.18,0,0.0,21,6667.830805687203,19,10135.970157068063,0,0.0,0,0.0
764,2960565999.0,140106293,ATLANT foundation,,2019,7/17/19,20190805,CAD,24.13,08/02/19 0:00,0,,2019-07-17,2019-08-05,2019-08-02,-3.0,Early,AllSectors,19,17.6149,0,0.0,0,0.0,1,34.74545454545454,0,0.0,0,0.0
765,1930424984.0,200486270,BAR systems,,2020,1/22/20,20200206,USD,9506.24,02/06/20 0:00,0,,2020-01-22,2020-02-06,2020-02-06,0.0,OnTime,AllSectors,15,9506.24,0,0.0,0,0.0,0,0.0,0,0.0,0,0.0
766,1929919773.0,200736337,SYSCO F co,,2019,9/25/19,20191010,USD,6891.47,10/11/19 0:00,0,,2019-09-25,2019-10-10,2019-10-11,1.0,Late,AllSectors,15,6891.47,0,0.0,0,0.0,0,0.0,0,0.0,0,0.0
767,1929272775.0,200126819,MCLANE llc,,2019,05/07/19,20190522,USD,19606.32,5/22/19 0:00,0,,2019-05-07,2019-05-22,2019-05-22,0.0,OnTime,AllSectors,15,19606.32,1,32295.681818181816,0,0.0,0,0.0,0,0.0,0,0.0
768,1929426356.0,200726979,BJ'S  ,,2019,06/05/19,20190620,USD,356.13,6/20/19 0:00,0,,2019-06-05,2019-06-20,2019-06-20,0.0,OnTime,AllSectors,15,356.13,0,0.0,7,15656.470422535212,9,11593.056043956043,0,0.0,0,0.0
769,1928825536.0,200455322,PEA in,,2019,2/21/19,20190323,USD,40865.79,3/22/19 0:00,0,,2019-02-21,2019-03-23,2019-03-22,-1.0,Early,AllSectors,30,40865.79,0,0.0,0,0.0,0,0.0,1,10725.436363636363,0,0.0
770,1929758460.0,200769623,WAL-MAR trust,Retail,2019,8/18/19,20190902,USD,5600.41,8/28/19 0:00,0,,2019-08-18,2019-09-02,2019-08-28,-5.0,Early,Retail,15,5600.41,95,23008.8050473186,1,11085.927272727273,18,24033.357458563536,1,791.8272727272727,0,0.0
771,1930212463.0,200769623,WAL-MAR us,Retail,2019,12/04/19,20191219,USD,1074.15,12/20/19 0:00,0,,2019-12-04,2019-12-19,2019-12-20,1.0,Late,Retail,15,1074.15,145,23899.22839421088,1,11085.927272727273,28,25118.538434163696,1,791.8272727272727,0,0.0
772,1928958124.0,200792734,MDV/ ,,2019,3/13/19,20190328,USD,57990.49,3/27/19 0:00,0,,2019-03-13,2019-03-28,2019-03-27,-1.0,Early,AllSectors,15,57990.49,0,0.0,0,0.0,0,0.0,0,0.0,0,0.0
773,1929706607.0,200744019,TARG us,,2019,08/06/19,20191020,USD,1055.0,10/22/19 0:00,0,,2019-08-06,2019-10-20,2019-10-22,2.0,Late,AllSectors,75,1055.0,1,10306.645454545453,0,0.0,6,38333.7262295082,0,0.0,0,0.0
774,1929719717.0,200148860,DOLLA llc,,2019,08/11/19,20190826,USD,14776.32,8/26/19 0:00,0,,2019-08-11,2019-08-26,2019-08-26,0.0,OnTime,AllSectors,15,14776.32,0,0.0,1,16478.84545454545,1,56121.590909090904,0,0.0,0,0.0
775,2960591483.0,140104440,SO ,,2019,11/07/19,20191127,CAD,60843.47,12/04/19 0:00,0,,2019-11-07,2019-11-27,2019-12-04,7.0,Late,AllSectors,20,44415.7331,0,0.0,0,0.0,6,130996.62295081968,0,0.0,0,0.0
776,1929386991.0,200769623,WAL-MAR in,Retail,2019,5/28/19,20190612,USD,17521.53,6/13/19 0:00,0,,2019-05-28,2019-06-12,2019-06-13,1.0,Late,Retail,15,17521.53,59,19679.76040609137,1,11085.927272727273,10,22460.567326732675,1,791.8272727272727,0,0.0
778,2960593815.0,100027281,236008 associates,,2019,11/15/19,20191128,CAD,36161.66,11/25/19 0:00,0,,2019-11-15,2019-11-28,2019-11-25,-3.0,Early,AllSectors,13,26398.0118,0,0.0,0,0.0,0,0.0,0,0.0,0,0.0
779,1929539190.0,200342745,NAPPIE llc,,2019,6/26/19,20190711,USD,31376.61,07/02/19 0:00,0,,2019-06-26,2019-07-11,2019-07-02,-9.0,Early,AllSectors,15,31376.61,0,0.0,0,0.0,0,0.0,0,0.0,0,0.0
780,1929343790.0,200782772,ASSOC G corp,,2019,5/20/19,20190604,USD,1066.04,06/07/19 0:00,0,,2019-05-20,2019-06-04,2019-06-07,3.0,Late,AllSectors,15,1066.04,0,0.0,0,0.0,0,0.0,0,0.0,0,0.0
781,1929313779.0,200739534,OK trust,,2019,5/13/19,20190528,USD,51951.41,5/30/19 0:00,0,,2019-05-13,2019-05-28,2019-05-30,2.0,Late,AllSectors,15,51951.41,0,0.0,0,0.0,0,0.0,0,0.0,0,0.0
782,1930367419.0,200729942,SA trust,,2020,01/07/20,20200122,USD,3895.98,1/22/20 0:00,0,,2020-01-07,2020-01-22,2020-01-22,0.0,OnTime,AllSectors,15,3895.98,4,12945.434146341464,1,707.6363636363635,1,5183.290909090909,0,0.0,0,0.0
783,1929573672.0,200794332,COST systems,,2019,07/08/19,20190728,USD,17817.7,7/22/19 0:00,0,,2019-07-08,2019-07-28,2019-07-22,-6.0,Early,AllSectors,20,17817.7,3,27439.399999999998,3,13657.106451612903,3,25472.81612903226,0,0.0,0,0.0
784,1928839584.0,200803720,DEC associates,,2019,2/22/19,20190311,USD,2813.28,03/04/19 0:00,0,,2019-02-22,2019-03-11,2019-03-04,-7.0,Early,AllSectors,17,2813.28,2,7509.2095238095235,0,0.0,0,0.0,0,0.0,0,0.0
785,1928895156.0,200726979,BJ'S  systems,,2019,03/06/19,20190321,USD,100889.17,3/21/19 0:00,0,,2019-03-06,2019-03-21,2019-03-21,0.0,OnTime,AllSectors,15,100889.17,0,0.0,1,383.4363636363636,5,16873.511764705883,0,0.0,0,0.0
786,1929779560.0,200705372,FR in,,2019,8/24/19,20191028,USD,1596.91,10/28/19 0:00,0,,2019-08-24,2019-10-28,2019-10-28,0.0,OnTime,AllSectors,65,1596.91,0,0.0,1,4839.627272727273,1,48742.127272727266,0,0.0,0,0.0
787,1930208898.0,200762678,JOR corp,,2019,12/03/19,20191218,USD,47397.91,12/12/19 0:00,0,,2019-12-03,2019-12-18,2019-12-12,-6.0,Early,AllSectors,15,47397.91,0,0.0,0,0.0,0,0.0,0,0.0,0,0.0
788,1930027888.0,200769623,WAL-MAR llc,Retail,2019,10/20/19,20191104,USD,813.21,10/31/19 0:00,0,,2019-10-20,2019-11-04,2019-10-31,-4.0,Early,Retail,15,813.21,124,24051.437469782424,1,11085.927272727273,21,23591.502369668247,1,791.8272727272727,0,0.0
789,1928962415.0,200705742,DOT foundation,,2019,3/14/19,20190329,USD,136.51,3/29/19 0:00,0,,2019-03-14,2019-03-29,2019-03-29,0.0,OnTime,AllSectors,15,136.51,1,3320.3090909090906,1,103.15454545454544,0,0.0,0,0.0,0,0.0
790,1929302307.0,200707822,PUBLI us,,2019,05/11/19,20190526,USD,93656.42,5/28/19 0:00,0,,2019-05-11,2019-05-26,2019-05-28,2.0,Late,AllSectors,15,93656.42,0,0.0,0,0.0,4,79876.83170731708,0,0.0,0,0.0
791,1930144868.0,200780383,MEIJ ,,2019,11/13/19,20191128,USD,151747.67,11/29/19 0:00,0,,2019-11-13,2019-11-28,2019-11-29,1.0,Late,AllSectors,15,151747.67,0,0.0,4,39590.6756097561,5,39488.86078431372,0,0.0,0,0.0
792,2960551651.0,140105847,GORDON F foundation,,2019,5/28/19,20190609,CAD,26660.05,06/10/19 0:00,0,,2019-05-28,2019-06-09,2019-06-10,1.0,Late,AllSectors,12,19461.836499999998,0,0.0,0,0.0,1,30475.454545454544,0,0.0,0,0.0
793,1930229734.0,200769623,WAL-MAR in,Retail,2019,12/07/19,20191222,USD,15363.53,12/17/19 0:00,0,,2019-12-07,2019-12-22,2019-12-17,-5.0,Early,Retail,15,15363.53,146,23977.61950718685,1,11085.927272727273,29,24292.270790378003,1,791.8272727272727,0,0.0
794,1928608145.0,200769623,WAL-MAR ,Retail,2019,1/13/19,20190128,USD,15975.71,1/23/19 0:00,0,,2019-01-13,2019-01-28,2019-01-23,-5.0,Early,Retail,15,15975.71,7,20413.915492957745,0,0.0,0,0.0,0,0.0,0,0.0
795,1928989097.0,200780383,MEIJ us,,2019,3/18/19,20190402,USD,38842.72,04/03/19 0:00,0,,2019-03-18,2019-04-02,2019-04-03,1.0,Late,AllSectors,15,38842.72,0,0.0,1,16814.418181818182,2,57751.866666666654,0,0.0,0,0.0
796,1929973511.0,200769623,WAL-MAR foundation,Retail,2019,10/06/19,20191021,USD,57816.02,10/22/19 0:00,0,,2019-10-06,2019-10-21,2019-10-22,1.0,Late,Retail,15,57816.02,117,23966.939368061478,1,11085.927272727273,20,21888.790049751246,1,791.8272727272727,0,0.0
797,1928729157.0,200769623,WAL-MAR in,Retail,2019,02/03/19,20190218,USD,20465.05,2/13/19 0:00,0,,2019-02-03,2019-02-18,2019-02-13,-5.0,Early,Retail,15,20465.05,17,17571.60350877193,0,0.0,4,25216.339024390247,1,791.8272727272727,0,0.0
798,1929714997.0,200803720,DEC foundation,,2019,08/07/19,20190811,USD,9316.78,08/12/19 0:00,0,,2019-08-07,2019-08-11,2019-08-12,1.0,Late,AllSectors,4,9316.78,6,3157.3836065573773,0,0.0,0,0.0,0,0.0,0,0.0
799,1928732170.0,200769623,WAL-MAR ,Retail,2019,02/04/19,20190219,USD,471.56,2/14/19 0:00,0,,2019-02-04,2019-02-19,2019-02-14,-5.0,Early,Retail,15,471.56,18,17731.462430939224,0,0.0,4,25216.339024390247,1,791.8272727272727,0,0.0
800,1929717727.0,200779051,AFFILI us,,2019,08/07/19,20190822,USD,106995.64,8/19/19 0:00,0,,2019-08-07,2019-08-22,2019-08-19,-3.0,Early,AllSectors,15,106995.64,0,0.0,0,0.0,0,0.0,0,0.0,0,0.0
801,1929199357.0,200759878,SA llc,,2019,4/23/19,20190508,USD,21239.7,05/10/19 0:00,0,,2019-04-23,2019-05-08,2019-05-10,2.0,Late,AllSectors,15,21239.7,0,0.0,1,57069.42727272727,7,26944.811267605637,0,0.0,0,0.0
802,1929197467.0,200772670,ASSOCIAT trust,,2019,4/23/19,20190508,USD,66918.46,05/09/19 0:00,0,,2019-04-23,2019-05-08,2019-05-09,1.0,Late,AllSectors,15,66918.46,3,55643.96129032257,1,24573.22727272727,3,54802.977419354844,0,0.0,0,0.0
803,1930173097.0,200875006,KROGER us,,2019,11/19/19,20191204,USD,120252.05,12/04/19 0:00,0,,2019-11-19,2019-12-04,2019-12-04,0.0,OnTime,AllSectors,15,120252.05,0,0.0,0,0.0,0,0.0,0,0.0,0,0.0
804,1930503144.0,200708411,SHAM trust,,2020,02/10/20,20200225,USD,23137.12,2/13/20 0:00,0,,2020-02-10,2020-02-25,2020-02-13,-12.0,Early,AllSectors,15,23137.12,0,0.0,0,0.0,0,0.0,0,0.0,0,0.0
805,1929340621.0,200779906,BOZZU ,,2019,5/20/19,20190604,USD,728.02,06/05/19 0:00,0,,2019-05-20,2019-06-04,2019-06-05,1.0,Late,AllSectors,15,728.02,0,0.0,0,0.0,2,34595.876190476185,0,0.0,0,0.0
808,1928697144.0,CCCA02,KRAFT  llc,,2019,1/30/19,20190306,USD,7704.0,03/01/19 0:00,0,,2019-01-30,2019-03-06,2019-03-01,-5.0,Early,AllSectors,35,7704.0,0,0.0,0,0.0,0,0.0,0,0.0,0,0.0
809,1929258405.0,200230690,DECA co,,2019,05/04/19,20190524,USD,107.72,5/16/19 0:00,0,,2019-05-04,2019-05-24,2019-05-16,-8.0,Early,AllSectors,20,107.72,0,0.0,0,0.0,0,0.0,0,0.0,0,0.0
810,1991825989.0,CC6000,HEINZ llc,,2019,4/16/19,20190531,USD,10700.11,07/12/19 0:00,0,,2019-04-16,2019-05-31,2019-07-12,42.0,VeryLate,AllSectors,45,10700.11,0,0.0,0,0.0,0,0.0,0,0.0,0,0.0
811,1929742058.0,200793568,SUPE corporation,,2019,8/14/19,20190829,USD,22952.87,09/03/19 0:00,0,,2019-08-14,2019-08-29,2019-09-03,5.0,Late,AllSectors,15,22952.87,1,5557.263636363636,0,0.0,2,30588.90952380952,0,0.0,0,0.0
813,1929377457.0,200772595,SAFEW ,,2019,5/27/19,20190611,USD,2274.48,06/12/19 0:00,0,,2019-05-27,2019-06-11,2019-06-12,1.0,Late,AllSectors,15,2274.48,0,0.0,1,39251.64545454545,1,2353.3181818181815,0,0.0,0,0.0
814,1929976108.0,200707822,PUBLI associates,,2019,10/06/19,20191021,USD,61618.82,10/21/19 0:00,0,,2019-10-06,2019-10-21,2019-10-21,0.0,OnTime,AllSectors,15,61618.82,0,0.0,1,107064.54545454544,5,82578.71176470589,1,9044.581818181818,0,0.0
815,1930178993.0,100024776,PEA corp,,2019,11/22/19,20191227,USD,7214.57,12/23/19 0:00,0,,2019-11-22,2019-12-27,2019-12-23,-4.0,Early,AllSectors,35,7214.57,0,0.0,0,0.0,0,0.0,0,0.0,0,0.0
816,1928793439.0,200455322,PEA co,,2019,2/13/19,20190208,USD,11797.98,03/11/19 0:00,0,,2019-02-13,2019-02-08,2019-03-11,31.0,VeryLate,AllSectors,-5,11797.98,0,0.0,0,0.0,0,0.0,0,0.0,0,0.0
817,1929021312.0,200769623,WAL-MAR co,Retail,2019,3/25/19,20190409,USD,18025.63,04/04/19 0:00,0,,2019-03-25,2019-04-09,2019-04-04,-5.0,Early,Retail,15,18025.63,35,18903.932478632476,0,0.0,7,20161.547887323944,1,791.8272727272727,0,0.0
818,1928807651.0,200769623,WAL-MAR us,Retail,2019,2/16/19,20190303,USD,14194.81,2/26/19 0:00,0,,2019-02-16,2019-03-03,2019-02-26,-5.0,Early,Retail,15,14194.81,22,16581.6407239819,0,0.0,6,23443.847540983606,1,791.8272727272727,0,0.0
819,1929456818.0,200744019,TARG foundation,,2019,06/08/19,20190623,USD,46232.17,6/25/19 0:00,0,,2019-06-08,2019-06-23,2019-06-25,2.0,Late,AllSectors,15,46232.17,1,10306.645454545453,0,0.0,5,36785.01176470588,0,0.0,0,0.0
820,1928708772.0,200799342,MITCH us,,2019,1/30/19,20190214,USD,2351.5,2/14/19 0:00,0,,2019-01-30,2019-02-14,2019-02-14,0.0,OnTime,AllSectors,15,2351.5,0,0.0,0,0.0,0,0.0,0,0.0,0,0.0
822,1930229600.0,200707822,PUBLI llc,,2019,12/06/19,20191221,USD,42399.7,12/23/19 0:00,0,,2019-12-06,2019-12-21,2019-12-23,2.0,Late,AllSectors,15,42399.7,0,0.0,4,78207.83902439025,5,82578.71176470589,1,9044.581818181818,0,0.0
823,1929700983.0,200769623,WAL-MAR associates,Retail,2019,08/06/19,20190821,USD,19164.44,8/19/19 0:00,0,,2019-08-06,2019-08-21,2019-08-19,-2.0,Early,Retail,15,19164.44,90,22606.609544950054,1,11085.927272727273,18,24033.357458563536,1,791.8272727272727,0,0.0
824,1929541935.0,200592182,DECA co,,2019,6/26/19,20190709,USD,27.0,07/01/19 0:00,0,,2019-06-26,2019-07-09,2019-07-01,-8.0,Early,AllSectors,13,27.0,5,6862.082352941177,0,0.0,0,0.0,0,0.0,0,0.0
825,1929422120.0,200777735,NASH  foundation,,2019,06/03/19,20190618,USD,374.54,6/18/19 0:00,0,,2019-06-03,2019-06-18,2019-06-18,0.0,OnTime,AllSectors,15,374.54,1,128.0090909090909,1,701.4727272727272,0,0.0,0,0.0,0,0.0
826,1930122846.0,200696090,UNITE corporation,,2019,11/12/19,20191127,USD,2378.02,12/04/19 0:00,0,,2019-11-12,2019-11-27,2019-12-04,7.0,Late,AllSectors,15,2378.02,0,0.0,2,5180.261904761905,0,0.0,0,0.0,0,0.0
827,1928652856.0,200744019,TARG trust,,2019,1/20/19,20190204,USD,136843.3,02/12/19 0:00,0,,2019-01-20,2019-02-04,2019-02-12,8.0,Late,AllSectors,15,136843.3,0,0.0,0,0.0,0,0.0,0,0.0,0,0.0
828,1929151718.0,200494102,MCCA corp,,2019,4/15/19,20190501,USD,62843.85,05/01/19 0:00,0,,2019-04-15,2019-05-01,2019-05-01,0.0,OnTime,AllSectors,16,62843.85,0,0.0,0,0.0,0,0.0,0,0.0,0,0.0
831,1928749597.0,200794332,COST corporation,,2019,02/07/19,20190222,USD,8001.57,2/25/19 0:00,0,,2019-02-07,2019-02-22,2019-02-25,3.0,Late,AllSectors,15,8001.57,0,0.0,1,18688.30909090909,0,0.0,0,0.0,0,0.0
833,1929366157.0,200782669,SYGMA associates,,2019,5/24/19,20190608,USD,17940.4,06/10/19 0:00,0,,2019-05-24,2019-06-08,2019-06-10,2.0,Late,AllSectors,15,17940.4,0,0.0,0,0.0,2,20129.82380952381,0,0.0,0,0.0
834,2960550353.0,140106408,WAL-M us,,2019,5/25/19,20190604,CAD,2184.2,6/17/19 0:00,0,,2019-05-25,2019-06-04,2019-06-17,13.0,Late,AllSectors,10,1594.466,0,0.0,0,0.0,7,49131.916901408455,0,0.0,0,0.0
835,1928684660.0,200803720,DEC associates,,2019,1/26/19,20190208,USD,889.68,02/01/19 0:00,0,,2019-01-26,2019-02-08,2019-02-01,-7.0,Early,AllSectors,13,889.68,0,0.0,0,0.0,0,0.0,0,0.0,0,0.0
836,1930260983.0,200759878,SA foundation,,2019,12/11/19,20191226,USD,77915.7,12/27/19 0:00,0,,2019-12-11,2019-12-26,2019-12-27,1.0,Late,AllSectors,15,77915.7,0,0.0,6,53266.14262295082,20,33080.48009950248,0,0.0,0,0.0
837,1930250955.0,200794332,COST co,,2019,12/09/19,20191224,USD,46934.33,12/23/19 0:00,0,,2019-12-09,2019-12-24,2019-12-23,-1.0,Early,AllSectors,15,46934.33,8,23848.241975308643,4,12959.068292682929,5,19066.343137254906,0,0.0,0,0.0
838,1929201084.0,200726979,BJ'S  corporation,,2019,4/19/19,20190504,USD,155.68,05/06/19 0:00,0,,2019-04-19,2019-05-04,2019-05-06,2.0,Late,AllSectors,15,155.68,0,0.0,4,27000.421951219512,6,14196.611475409838,0,0.0,0,0.0
839,1929207307.0,200769623,WAL-MAR us,Retail,2019,4/26/19,20190511,USD,3629.22,05/07/19 0:00,0,,2019-04-26,2019-05-11,2019-05-07,-4.0,Early,Retail,15,3629.22,45,20738.792682926836,0,0.0,8,17723.343209876544,1,791.8272727272727,0,0.0
840,1929063182.0,200772595,SAFEW us,,2019,04/01/19,20190416,USD,43176.81,4/16/19 0:00,0,,2019-04-01,2019-04-16,2019-04-16,0.0,OnTime,AllSectors,15,43176.81,0,0.0,0,0.0,1,2353.3181818181815,0,0.0,0,0.0
843,1930010498.0,200777735,NASH  co,,2019,10/14/19,20191123,USD,11859.28,10/29/19 0:00,0,,2019-10-14,2019-11-23,2019-10-29,-25.0,Early,AllSectors,40,11859.28,1,128.0090909090909,2,545.7904761904762,0,0.0,0,0.0,0,0.0
844,1928549754.0,200793568,SUPE in,,2019,01/02/19,20190117,USD,10162.97,1/22/19 0:00,0,,2019-01-02,2019-01-17,2019-01-22,5.0,Late,AllSectors,15,10162.97,0,0.0,0,0.0,0,0.0,0,0.0,0,0.0
846,1929961518.0,200230690,DECA corporation,,2019,10/04/19,20191011,USD,22732.45,10/08/19 0:00,0,,2019-10-04,2019-10-11,2019-10-08,-3.0,Early,AllSectors,7,22732.45,3,1177.4967741935484,0,0.0,2,2261.8238095238094,0,0.0,0,0.0
847,1929429589.0,100032278,SI foundation,,2019,06/05/19,20190605,USD,263.31,06/06/19 0:00,0,,2019-06-05,2019-06-05,2019-06-06,1.0,Late,AllSectors,0,263.31,0,0.0,0,0.0,0,0.0,0,0.0,0,0.0
848,1929101353.0,200712105,WALG us,,2019,04/07/19,20190422,USD,48583.18,4/22/19 0:00,0,,2019-04-07,2019-04-22,2019-04-22,0.0,OnTime,AllSectors,15,48583.18,0,0.0,0,0.0,0,0.0,0,0.0,0,0.0
849,1930455173.0,200794332,COST corp,,2020,1/30/20,20200214,USD,44840.54,2/13/20 0:00,0,,2020-01-30,2020-02-14,2020-02-13,-1.0,Early,AllSectors,15,44840.54,10,29876.434653465345,6,17617.65081967213,5,19066.343137254906,0,0.0,0,0.0
850,1929006317.0,200761734,H E BUT in,,2019,3/21/19,20190405,USD,36180.8,04/04/19 0:00,0,,2019-03-21,2019-04-05,2019-04-04,-1.0,Early,AllSectors,15,36180.8,2,28771.647619047617,0,0.0,0,0.0,0,0.0,0,0.0
852,1929869737.0,200726979,BJ'S  foundation,,2019,9/13/19,20190928,USD,15.42,9/30/19 0:00,0,,2019-09-13,2019-09-28,2019-09-30,2.0,Late,AllSectors,15,15.42,0,0.0,15,8165.665562913908,14,13500.89574468085,0,0.0,0,0.0
853,1929129434.0,200707822,PUBLI us,,2019,4/13/19,20190428,USD,134134.07,4/29/19 0:00,0,,2019-04-13,2019-04-28,2019-04-29,1.0,Late,AllSectors,15,134134.07,0,0.0,0,0.0,3,62374.49677419355,0,0.0,0,0.0
855,1930470073.0,200357714,US  ,,2020,02/03/20,20200218,USD,33032.12,2/18/20 0:00,0,,2020-02-03,2020-02-18,2020-02-18,0.0,OnTime,AllSectors,15,33032.12,0,0.0,0,0.0,1,35447.00909090909,0,0.0,0,0.0
856,1930543092.0,200833713,JETRO corp,,2020,2/19/20,20200305,USD,739.19,03/10/20 0:00,0,,2020-02-19,2020-03-05,2020-03-10,5.0,Late,AllSectors,15,739.19,0,0.0,0,0.0,0,0.0,0,0.0,0,0.0
857,1930471402.0,200769623,WAL-MAR associates,Retail,2020,02/05/20,20200220,USD,6803.07,2/18/20 0:00,0,,2020-02-05,2020-02-20,2020-02-18,-2.0,Early,Retail,15,6803.07,177,23859.43083003952,1,11085.927272727273,35,25082.993162393155,1,791.8272727272727,0,0.0
858,1929811431.0,200749782,KROG trust,,2019,8/31/19,20190915,USD,25729.19,9/16/19 0:00,0,,2019-08-31,2019-09-15,2019-09-16,1.0,Late,AllSectors,15,25729.19,0,0.0,2,47470.27619047619,0,0.0,0,0.0,0,0.0
859,1930210676.0,200735528,ASSOCIA associates,,2019,12/05/19,20191220,USD,136578.08,12/23/19 0:00,0,,2019-12-05,2019-12-20,2019-12-23,3.0,Late,AllSectors,15,136578.08,0,0.0,0,0.0,0,0.0,0,0.0,0,0.0
860,1929792109.0,200769623,WAL-MAR corporation,Retail,2019,8/26/19,20190910,USD,7921.21,09/05/19 0:00,0,,2019-08-26,2019-09-10,2019-09-05,-5.0,Early,Retail,15,7921.21,102,23952.592850146906,1,11085.927272727273,18,24033.357458563536,1,791.8272727272727,0,0.0
861,1928768740.0,200820380,SMITH'S trust,,2019,02/10/19,20190225,USD,74648.08,2/25/19 0:00,0,,2019-02-10,2019-02-25,2019-02-25,0.0,OnTime,AllSectors,15,74648.08,0,0.0,0,0.0,0,0.0,0,0.0,0,0.0
862,1928918664.0,200769623,WAL-MAR associates,Retail,2019,03/08/19,20190323,USD,71480.75,3/19/19 0:00,0,,2019-03-08,2019-03-23,2019-03-19,-4.0,Early,Retail,15,71480.75,32,15711.473831775696,0,0.0,6,23443.847540983606,1,791.8272727272727,0,0.0
863,1929744899.0,200759878,SA trust,,2019,8/16/19,20190831,USD,67907.14,09/03/19 0:00,0,,2019-08-16,2019-08-31,2019-09-03,3.0,Late,AllSectors,15,67907.14,0,0.0,4,67404.30731707318,13,35344.50534351145,0,0.0,0,0.0
864,1929989580.0,200974851,RESTA us,,2019,10/09/19,20191024,USD,1572.26,10/24/19 0:00,0,,2019-10-09,2019-10-24,2019-10-24,0.0,OnTime,AllSectors,15,1572.26,1,3206.8454545454547,2,2278.461904761905,1,342.1363636363636,0,0.0,0,0.0
865,1930526913.0,200769623,WAL-MAR ,Retail,2020,2/13/20,20200228,USD,15505.86,2/25/20 0:00,0,,2020-02-13,2020-02-28,2020-02-25,-3.0,Early,Retail,15,15505.86,182,23813.863207029106,1,11085.927272727273,35,25082.993162393155,1,791.8272727272727,0,0.0
868,1930071980.0,200726979,BJ'S  ,,2019,10/30/19,20191114,USD,205.09,11/15/19 0:00,0,,2019-10-30,2019-11-14,2019-11-15,1.0,Late,AllSectors,15,205.09,0,0.0,18,6913.839226519338,17,11307.380701754386,0,0.0,0,0.0
870,1928689198.0,200769623,WAL-MAR foundation,Retail,2019,1/28/19,20190212,USD,5164.92,02/08/19 0:00,0,,2019-01-28,2019-02-12,2019-02-08,-4.0,Early,Retail,15,5164.92,14,19626.447517730496,0,0.0,4,25216.339024390247,1,791.8272727272727,0,0.0
871,2960539369.0,140104429,COSTCO corp,,2019,04/05/19,20190416,CAD,31428.83,4/23/19 0:00,0,,2019-04-05,2019-04-16,2019-04-23,7.0,Late,AllSectors,11,22943.0459,0,0.0,0,0.0,1,42105.490909090906,0,0.0,0,0.0
873,1930097315.0,200780383,MEIJ ,,2019,11/04/19,20191119,USD,165.03,11/19/19 0:00,0,,2019-11-04,2019-11-19,2019-11-19,0.0,OnTime,AllSectors,15,165.03,0,0.0,3,52308.62580645161,5,39488.86078431372,0,0.0,0,0.0
874,1928805188.0,200769623,WAL-MAR llc,Retail,2019,2/17/19,20190304,USD,9836.64,2/28/19 0:00,0,,2019-02-17,2019-03-04,2019-02-28,-4.0,Early,Retail,15,9836.64,23,16478.314718614714,0,0.0,6,23443.847540983606,1,791.8272727272727,0,0.0
875,1928993080.0,200772670,ASSOCIAT foundation,,2019,3/19/19,20190403,USD,46150.68,04/04/19 0:00,0,,2019-03-19,2019-04-03,2019-04-04,1.0,Late,AllSectors,15,46150.68,2,45506.028571428564,1,24573.22727272727,0,0.0,0,0.0,0,0.0
876,1930133320.0,200769623,WAL-MAR foundation,Retail,2019,11/10/19,20191125,USD,7625.11,11/20/19 0:00,0,,2019-11-10,2019-11-25,2019-11-20,-5.0,Early,Retail,15,7625.11,130,24179.9960799385,1,11085.927272727273,24,24084.290871369296,1,791.8272727272727,0,0.0
877,1930193329.0,200772670,ASSOCIAT systems,,2019,11/25/19,20191210,USD,2440.08,12/12/19 0:00,0,,2019-11-25,2019-12-10,2019-12-12,2.0,Late,AllSectors,15,2440.08,3,55643.96129032257,4,23342.107317073172,12,44517.30247933885,0,0.0,0,0.0
878,1929266320.0,CCCA02,KRAFT  corporation,,2019,05/07/19,20190611,USD,19440.0,6/28/19 0:00,0,,2019-05-07,2019-06-11,2019-06-28,17.0,Late,AllSectors,35,19440.0,1,7003.636363636363,1,14768.30909090909,3,13618.825806451612,0,0.0,0,0.0
879,1929528836.0,200769623,WAL-MAR co,Retail,2019,6/23/19,20190708,USD,52290.82,07/03/19 0:00,0,,2019-06-23,2019-07-08,2019-07-03,-5.0,Early,Retail,15,52290.82,71,20287.749226441625,1,11085.927272727273,14,21987.720567375887,1,791.8272727272727,0,0.0
880,1930206598.0,200769623,WAL-MAR trust,Retail,2019,12/01/19,20191216,USD,32652.69,12/17/19 0:00,0,,2019-12-01,2019-12-16,2019-12-17,1.0,Late,Retail,15,32652.69,145,23899.22839421088,1,11085.927272727273,26,23470.657471264363,1,791.8272727272727,0,0.0
881,1928790015.0,200769623,WAL-MAR us,Retail,2019,2/13/19,20190228,USD,1143.91,03/01/19 0:00,0,,2019-02-13,2019-02-28,2019-03-01,1.0,Late,Retail,15,1143.91,20,16006.359701492534,0,0.0,4,25216.339024390247,1,791.8272727272727,0,0.0
882,1928568893.0,200775094,SAVE M corp,,2019,01/04/19,20190119,USD,10153.85,1/23/19 0:00,0,,2019-01-04,2019-01-19,2019-01-23,4.0,Late,AllSectors,15,10153.85,0,0.0,0,0.0,0,0.0,0,0.0,0,0.0
883,1930151916.0,200759878,SA foundation,,2019,11/15/19,20191130,USD,13905.36,12/02/19 0:00,0,,2019-11-15,2019-11-30,2019-12-02,2.0,Late,AllSectors,15,13905.36,0,0.0,6,53266.14262295082,19,34084.413089005226,0,0.0,0,0.0
884,1930410357.0,200769623,WAL-MAR corporation,Retail,2020,1/18/20,20200202,USD,33132.17,1/28/20 0:00,0,,2020-01-18,2020-02-02,2020-01-28,-5.0,Early,Retail,15,33132.17,169,23786.472028385564,1,11085.927272727273,31,23115.739871382633,1,791.8272727272727,0,0.0
885,1930057888.0,200772670,ASSOCIAT ,,2019,10/28/19,20191112,USD,14486.57,11/13/19 0:00,0,,2019-10-28,2019-11-12,2019-11-13,1.0,Late,AllSectors,15,14486.57,3,55643.96129032257,4,23342.107317073172,10,46057.62673267326,0,0.0,0,0.0
886,1930164313.0,200726979,BJ'S  ,,2019,11/19/19,20191204,USD,14448.41,12/04/19 0:00,0,,2019-11-19,2019-12-04,2019-12-04,0.0,OnTime,AllSectors,15,14448.41,0,0.0,19,6571.456020942409,18,10693.99447513812,0,0.0,0,0.0
887,1929623966.0,200729942,SA us,,2019,7/15/19,20190730,USD,33795.12,7/29/19 0:00,0,,2019-07-15,2019-07-30,2019-07-29,-1.0,Early,AllSectors,15,33795.12,2,4928.200000000001,0,0.0,1,5183.290909090909,0,0.0,0,0.0
888,1929811677.0,200936373,SUPE associates,,2019,8/30/19,20190914,USD,40101.2,9/16/19 0:00,0,,2019-08-30,2019-09-14,2019-09-16,2.0,Late,AllSectors,15,40101.2,0,0.0,2,28117.819047619047,2,52363.55714285714,0,0.0,0,0.0
890,1990567636.0,200978592,PLAZA trust,,2019,7/16/19,20190820,USD,59586.06,8/22/19 0:00,0,,2019-07-16,2019-08-20,2019-08-22,2.0,Late,AllSectors,35,59586.06,0,0.0,0,0.0,0,0.0,0,0.0,0,0.0
891,1930328904.0,200725421,BEN  associates,Food,2020,12/30/19,20200114,USD,29604.62,13/01/20,0,,2019-12-30,2020-01-14,2020-01-13,-1.0,Early,Food,15,29604.62,1,16228.636363636362,0,0.0,0,0.0,0,0.0,0,0.0
892,1928997917.0,200742521,GLA llc,,2019,3/20/19,20190404,USD,38105.19,04/02/19 0:00,0,,2019-03-20,2019-04-04,2019-04-02,-2.0,Early,AllSectors,15,38105.19,0,0.0,0,0.0,0,0.0,0,0.0,0,0.0
893,2960541947.0,140106408,WAL-M llc,,2019,4/21/19,20190501,CAD,1109.22,05/08/19 0:00,0,,2019-04-21,2019-05-01,2019-05-08,7.0,Late,AllSectors,10,809.7306,0,0.0,0,0.0,3,33457.48709677419,0,0.0,0,0.0
895,1991827481.0,CC6000,HEINZ corp,,2019,06/07/19,20190722,USD,7927.73,10/24/19 0:00,0,,2019-06-07,2019-07-22,2019-10-24,94.0,CriticallyLate,AllSectors,45,7927.73,0,0.0,0,0.0,1,20037.78181818182,1,9727.372727272726,0,0.0
896,2960568447.0,140104429,COSTCO corporation,,2019,7/29/19,20190809,CAD,16487.57,8/14/19 0:00,0,,2019-07-29,2019-08-09,2019-08-14,5.0,Late,AllSectors,11,12035.926099999999,0,0.0,0,0.0,3,46702.951612903234,0,0.0,0,0.0
897,1929251034.0,200744019,TARG ,,2019,05/03/19,20190518,USD,11337.31,5/15/19 0:00,0,,2019-05-03,2019-05-18,2019-05-15,-3.0,Early,AllSectors,15,11337.31,0,0.0,0,0.0,5,36785.01176470588,0,0.0,0,0.0
901,1928962910.0,200705742,DOT us,,2019,3/13/19,20190416,USD,3652.34,3/28/19 0:00,0,,2019-03-13,2019-04-16,2019-03-28,-19.0,Early,AllSectors,34,3652.34,0,0.0,1,103.15454545454544,0,0.0,0,0.0,0,0.0
902,1928809838.0,200706844,WINC corporation,,2019,2/18/19,20190305,USD,727.71,03/06/19 0:00,0,,2019-02-18,2019-03-05,2019-03-06,1.0,Late,AllSectors,15,727.71,0,0.0,0,0.0,1,747.3,1,524.4363636363636,0,0.0
903,1928936415.0,200762301,C&S WH corp,,2019,03/11/19,20190326,USD,16254.84,3/28/19 0:00,0,,2019-03-11,2019-03-26,2019-03-28,2.0,Late,AllSectors,15,16254.84,1,26.027272727272724,3,42789.11612903226,1,1072.790909090909,0,0.0,0,0.0
906,1929479142.0,200769623,WAL-MAR trust,Retail,2019,6/14/19,20190629,USD,13664.07,6/25/19 0:00,0,,2019-06-14,2019-06-29,2019-06-25,-4.0,Early,Retail,15,13664.07,67,19707.681222056635,1,11085.927272727273,12,20537.457851239673,1,791.8272727272727,0,0.0
907,1929487408.0,200772670,ASSOCIAT llc,,2019,6/14/19,20190629,USD,90635.92,07/01/19 0:00,0,,2019-06-14,2019-06-29,2019-07-01,2.0,Late,AllSectors,15,90635.92,3,55643.96129032257,2,36956.57619047619,6,49102.45573770492,0,0.0,0,0.0
908,1929923206.0,200726979,BJ'S  us,,2019,9/26/19,20191011,USD,334.3,10/11/19 0:00,0,,2019-09-26,2019-10-11,2019-10-11,0.0,OnTime,AllSectors,15,334.3,0,0.0,15,8165.665562913908,16,11872.334161490684,0,0.0,0,0.0
909,1991825848.0,CC3620,HEINZ AF us,,2019,4/19/19,20190603,USD,4329.96,5/31/19 0:00,0,,2019-04-19,2019-06-03,2019-05-31,-3.0,Early,AllSectors,45,4329.96,0,0.0,0,0.0,0,0.0,0,0.0,0,0.0
910,1930169625.0,100025890,DIANN ,,2019,11/20/19,20191130,USD,41395.2,11/27/19 0:00,0,,2019-11-20,2019-11-30,2019-11-27,-3.0,Early,AllSectors,10,41395.2,0,0.0,0,0.0,0,0.0,0,0.0,0,0.0
912,1929995930.0,200719300,SYSTEMS trust,,2019,10/10/19,20191025,USD,33450.91,10/29/19 0:00,0,,2019-10-10,2019-10-25,2019-10-29,4.0,Late,AllSectors,15,33450.91,0,0.0,0,0.0,1,12599.427272727273,0,0.0,0,0.0
913,1929733832.0,200900909,SYSCO co,,2019,08/12/19,20190827,USD,30673.55,8/28/19 0:00,0,,2019-08-12,2019-08-27,2019-08-28,1.0,Late,AllSectors,15,30673.55,0,0.0,1,4275.20909090909,5,15190.794117647061,0,0.0,0,0.0
914,1930365003.0,200744019,TARG ,,2020,01/07/20,20200122,USD,6836.12,1/24/20 0:00,0,,2020-01-07,2020-01-22,2020-01-24,2.0,Late,AllSectors,15,6836.12,3,22686.08387096774,0,0.0,9,31373.176923076928,0,0.0,0,0.0
915,2960542247.0,140104409,LOB corporation,,2019,4/17/19,20190427,CAD,245007.78,05/03/19 0:00,0,,2019-04-17,2019-04-27,2019-05-03,6.0,Late,AllSectors,10,178855.6794,0,0.0,0,0.0,0,0.0,0,0.0,0,0.0
917,1929891551.0,200769623,WAL-MAR corp,Retail,2019,9/18/19,20191003,USD,53858.83,9/30/19 0:00,0,,2019-09-18,2019-10-03,2019-09-30,-3.0,Early,Retail,15,53858.83,108,23978.04949121183,1,11085.927272727273,18,24033.357458563536,1,791.8272727272727,0,0.0
919,2960566504.0,140106408,WAL-M co,,2019,7/18/19,20190728,CAD,85213.51,08/07/19 0:00,0,,2019-07-18,2019-07-28,2019-08-07,10.0,Late,AllSectors,10,62205.86229999999,0,0.0,0,0.0,8,43335.90246913581,0,0.0,0,0.0
920,1929609037.0,200759878,SA in,,2019,07/12/19,20190727,USD,60353.2,7/29/19 0:00,0,,2019-07-12,2019-07-27,2019-07-29,2.0,Late,AllSectors,15,60353.2,0,0.0,3,62629.354838709674,8,26240.476543209876,0,0.0,0,0.0
921,1929645034.0,CCU002,KRFT FDS ,,2019,7/22/19,20190826,USD,13691.52,8/30/19 0:00,0,,2019-07-22,2019-08-26,2019-08-30,4.0,Late,AllSectors,35,13691.52,0,0.0,0,0.0,0,0.0,0,0.0,0,0.0
922,1930216806.0,200769623,WAL-MAR corporation,Retail,2019,12/04/19,20191219,USD,35352.17,12/16/19 0:00,0,,2019-12-04,2019-12-19,2019-12-16,-3.0,Early,Retail,15,35352.17,145,23899.22839421088,1,11085.927272727273,28,25118.538434163696,1,791.8272727272727,0,0.0
923,1929534412.0,200705742,DOT us,,2019,6/24/19,20190726,USD,2082.1,7/15/19 0:00,0,,2019-06-24,2019-07-26,2019-07-15,-11.0,Early,AllSectors,32,2082.1,2,3149.004761904762,3,8635.535483870968,1,10420.172727272728,0,0.0,0,0.0
925,1929196841.0,200782669,SYGMA us,,2019,4/24/19,20190509,USD,13512.08,05/10/19 0:00,0,,2019-04-24,2019-05-09,2019-05-10,1.0,Late,AllSectors,15,13512.08,0,0.0,0,0.0,1,26145.954545454544,0,0.0,0,0.0
926,1930048220.0,200711029,WEGMAN systems,,2019,10/23/19,20191107,USD,27839.82,11/07/19 0:00,0,,2019-10-23,2019-11-07,2019-11-07,0.0,OnTime,AllSectors,15,27839.82,0,0.0,3,15397.458064516128,0,0.0,0,0.0,0,0.0
927,1929573823.0,200785971,SYSCO  us,,2019,07/03/19,20190718,USD,25499.04,7/22/19 0:00,0,,2019-07-03,2019-07-18,2019-07-22,4.0,Late,AllSectors,15,25499.04,0,0.0,0,0.0,1,7027.809090909091,0,0.0,0,0.0
928,1929587345.0,200769623,WAL-MAR ,Retail,2019,07/08/19,20190723,USD,8917.91,7/19/19 0:00,0,,2019-07-08,2019-07-23,2019-07-19,-4.0,Early,Retail,15,8917.91,80,22223.12147315855,1,11085.927272727273,16,22594.181987577642,1,791.8272727272727,0,0.0
929,1929634944.0,200555117,BURR co,,2019,7/19/19,20190803,USD,86200.93,08/05/19 0:00,0,,2019-07-19,2019-08-03,2019-08-05,2.0,Late,AllSectors,15,86200.93,0,0.0,1,169.24545454545452,2,38100.79047619048,0,0.0,0,0.0
930,1929380216.0,200769623,WAL-MAR llc,Retail,2019,5/26/19,20190610,USD,29541.96,06/11/19 0:00,0,,2019-05-26,2019-06-10,2019-06-11,1.0,Late,Retail,15,29541.96,59,19679.76040609137,1,11085.927272727273,9,21682.39230769231,1,791.8272727272727,0,0.0
931,1929982360.0,200803720,DEC ,,2019,10/08/19,20191024,USD,43.08,10/16/19 0:00,0,,2019-10-08,2019-10-24,2019-10-16,-8.0,Early,AllSectors,16,43.08,8,2449.21975308642,0,0.0,2,13156.695238095237,0,0.0,0,0.0
932,1930052683.0,200795490,HY -  llc,,2019,10/25/19,20191109,USD,55611.36,11/12/19 0:00,0,,2019-10-25,2019-11-09,2019-11-12,3.0,Late,AllSectors,15,55611.36,0,0.0,0,0.0,2,86019.47142857143,0,0.0,0,0.0
934,1929587244.0,200769623,WAL-MAR us,Retail,2019,07/05/19,20190720,USD,52804.65,7/24/19 0:00,0,,2019-07-05,2019-07-20,2019-07-24,4.0,Late,Retail,15,52804.65,78,22200.330217669652,1,11085.927272727273,14,21987.720567375887,1,791.8272727272727,0,0.0
935,1928893899.0,200592182,DECA in,,2019,03/04/19,20190324,USD,4098.25,3/18/19 0:00,0,,2019-03-04,2019-03-24,2019-03-18,-6.0,Early,AllSectors,20,4098.25,0,0.0,0,0.0,0,0.0,0,0.0,0,0.0
936,1928780290.0,200794332,COST foundation,,2019,2/13/19,20190228,USD,10104.04,2/27/19 0:00,0,,2019-02-13,2019-02-28,2019-02-27,-1.0,Early,AllSectors,15,10104.04,0,0.0,1,18688.30909090909,1,7274.154545454545,0,0.0,0,0.0
937,1929890946.0,200764795,SYSCO  llc,,2019,9/18/19,20191003,USD,43253.5,10/01/19 0:00,0,,2019-09-18,2019-10-03,2019-10-01,-2.0,Early,AllSectors,15,43253.5,0,0.0,0,0.0,1,26236.763636363634,0,0.0,0,0.0
938,1929353352.0,200416837,DEC co,,2019,5/21/19,20190526,USD,452.82,5/25/19 0:00,0,,2019-05-21,2019-05-26,2019-05-25,-1.0,Early,AllSectors,5,452.82,1,516.3272727272728,0,0.0,1,18961.081818181814,0,0.0,0,0.0
939,2960543392.0,140104423,METRO  associates,,2019,4/24/19,20190505,CAD,179330.62,05/07/19 0:00,0,,2019-04-24,2019-05-05,2019-05-07,2.0,Late,AllSectors,11,130911.3526,3,123594.56129032258,0,0.0,0,0.0,0,0.0,0,0.0
940,1930040278.0,200769623,WAL-MAR in,Retail,2019,10/26/19,20191110,USD,71128.23,11/05/19 0:00,0,,2019-10-26,2019-11-10,2019-11-05,-5.0,Early,Retail,15,71128.23,126,23793.411340206178,1,11085.927272727273,22,25025.67285067873,1,791.8272727272727,0,0.0
941,1929500804.0,200769623,WAL-MAR corp,Retail,2019,6/18/19,20190703,USD,17662.12,6/28/19 0:00,0,,2019-06-18,2019-07-03,2019-06-28,-5.0,Early,Retail,15,17662.12,70,20325.204707560628,1,11085.927272727273,12,20537.457851239673,1,791.8272727272727,0,0.0
942,1928888616.0,200793568,SUPE associates,,2019,03/02/19,20190506,USD,6112.99,3/19/19 0:00,0,,2019-03-02,2019-05-06,2019-03-19,-48.0,Early,AllSectors,65,6112.99,0,0.0,0,0.0,1,9239.063636363635,0,0.0,0,0.0
943,2960565834.0,140105847,GORDON F systems,,2019,7/16/19,20190727,CAD,30875.1,08/02/19 0:00,0,,2019-07-16,2019-07-27,2019-08-02,6.0,Late,AllSectors,11,22538.822999999997,0,0.0,0,0.0,2,28658.595238095237,0,0.0,0,0.0
945,1930560083.0,200772670,ASSOCIAT ,,2020,2/23/20,20200309,USD,33520.3,03/09/20 0:00,0,,2020-02-23,2020-03-09,2020-03-09,0.0,OnTime,AllSectors,15,33520.3,3,55643.96129032257,5,27217.262745098044,16,43882.92049689441,0,0.0,0,0.0
946,1930391257.0,200769623,WAL-MAR llc,Retail,2020,1/13/20,20200128,USD,32260.93,1/24/20 0:00,0,,2020-01-13,2020-01-28,2020-01-24,-4.0,Early,Retail,15,32260.93,165,23635.06511205329,1,11085.927272727273,30,23649.7976744186,1,791.8272727272727,0,0.0
947,1928992166.0,200794332,COST corporation,,2019,3/23/19,20190407,USD,39165.33,04/08/19 0:00,0,,2019-03-23,2019-04-07,2019-04-08,1.0,Late,AllSectors,15,39165.33,1,9185.49090909091,1,18688.30909090909,1,7274.154545454545,0,0.0,0,0.0
948,1929682324.0,200331749,SYSC in,,2019,7/31/19,20190820,USD,16156.49,8/21/19 0:00,0,,2019-07-31,2019-08-20,2019-08-21,1.0,Late,AllSectors,20,16156.49,0,0.0,0,0.0,2,8622.214285714286,0,0.0,0,0.0
949,1929258016.0,200592182,DECA systems,,2019,05/04/19,20190524,USD,3118.63,5/16/19 0:00,0,,2019-05-04,2019-05-24,2019-05-16,-8.0,Early,AllSectors,20,3118.63,2,5590.9333333333325,0,0.0,0,0.0,0,0.0,0,0.0
950,1929279649.0,200020431,DEC co,,2019,05/08/19,20190511,USD,16465.98,05/10/19 0:00,0,,2019-05-08,2019-05-11,2019-05-10,-1.0,Early,AllSectors,3,16465.98,0,0.0,0,0.0,0,0.0,0,0.0,0,0.0
951,2960587707.0,100015818,MET llc,,2019,10/20/19,20191101,CAD,60538.4,10/31/19 0:00,0,,2019-10-20,2019-11-01,2019-10-31,-1.0,Early,AllSectors,12,44193.032,0,0.0,0,0.0,0,0.0,0,0.0,0,0.0
953,1929588738.0,200711029,WEGMAN corp,,2019,07/09/19,20190724,USD,21760.18,7/24/19 0:00,0,,2019-07-09,2019-07-24,2019-07-24,0.0,OnTime,AllSectors,15,21760.18,0,0.0,2,12367.590476190475,0,0.0,0,0.0,0,0.0
954,1929612944.0,200769623,WAL-MAR in,Retail,2019,07/12/19,20190727,USD,57558.02,7/24/19 0:00,0,,2019-07-12,2019-07-27,2019-07-24,-3.0,Early,Retail,15,57558.02,82,22371.34275274056,1,11085.927272727273,16,22594.181987577642,1,791.8272727272727,0,0.0
955,1928565191.0,200729290,KROGER co,,2019,01/05/19,20190120,USD,19047.56,1/22/19 0:00,0,,2019-01-05,2019-01-20,2019-01-22,2.0,Late,AllSectors,15,19047.56,0,0.0,0,0.0,0,0.0,0,0.0,0,0.0
958,1929169812.0,200769623,WAL-MAR trust,Retail,2019,4/20/19,20190505,USD,1897.5,4/30/19 0:00,0,,2019-04-20,2019-05-05,2019-04-30,-5.0,Early,Retail,15,1897.5,44,21166.0328798186,0,0.0,7,20161.547887323944,1,791.8272727272727,0,0.0
959,1929760777.0,200230690,DECA systems,,2019,8/19/19,20190908,USD,106.56,09/03/19 0:00,0,,2019-08-19,2019-09-08,2019-09-03,-5.0,Early,AllSectors,20,106.56,2,1687.4666666666665,0,0.0,2,2261.8238095238094,0,0.0,0,0.0
960,1929951699.0,200771123,B C C foundation,,2019,10/02/19,20191017,USD,38160.69,10/16/19 0:00,0,,2019-10-02,2019-10-17,2019-10-16,-1.0,Early,AllSectors,15,38160.69,0,0.0,0,0.0,0,0.0,0,0.0,0,0.0
961,1928826303.0,200705089,JETR us,,2019,2/19/19,20190306,USD,14368.86,03/11/19 0:00,0,,2019-02-19,2019-03-06,2019-03-11,5.0,Late,AllSectors,15,14368.86,0,0.0,0,0.0,0,0.0,0,0.0,0,0.0
962,1930152978.0,200705089,JETR corp,,2019,11/14/19,20191129,USD,15791.12,11/29/19 0:00,0,,2019-11-14,2019-11-29,2019-11-29,0.0,OnTime,AllSectors,15,15791.12,0,0.0,2,13921.485714285714,1,13062.6,0,0.0,0,0.0
963,1929285161.0,200769623,WAL-MAR co,Retail,2019,05/09/19,20190524,USD,2725.63,5/20/19 0:00,0,,2019-05-09,2019-05-24,2019-05-20,-4.0,Early,Retail,15,2725.63,52,19597.134357005765,1,11085.927272727273,8,17723.343209876544,1,791.8272727272727,0,0.0
964,1928733426.0,100031704,DELHAIZE in,,2019,02/06/19,20190412,USD,640.0,04/12/19 0:00,0,,2019-02-06,2019-04-12,2019-04-12,0.0,OnTime,AllSectors,65,640.0,1,54502.93636363636,0,0.0,1,15665.02727272727,0,0.0,0,0.0
965,1928931117.0,200078795,H T H in,,2019,03/08/19,20190512,USD,298.33,3/22/19 0:00,0,,2019-03-08,2019-05-12,2019-03-22,-51.0,Early,AllSectors,65,298.33,0,0.0,0,0.0,1,1086.7272727272727,0,0.0,0,0.0
966,1930227370.0,200769623,WAL-MAR systems,Retail,2019,12/07/19,20191222,USD,683.91,12/17/19 0:00,0,,2019-12-07,2019-12-22,2019-12-17,-5.0,Early,Retail,15,683.91,146,23977.61950718685,1,11085.927272727273,29,24292.270790378003,1,791.8272727272727,0,0.0
967,1929944651.0,200781831,RITE llc,,2019,9/30/19,20191015,USD,50383.76,10/16/19 0:00,0,,2019-09-30,2019-10-15,2019-10-16,1.0,Late,AllSectors,15,50383.76,0,0.0,1,79109.7,1,81340.2,0,0.0,0,0.0
968,1929565676.0,200769623,WAL-MAR foundation,Retail,2019,07/02/19,20190717,USD,30927.52,7/15/19 0:00,0,,2019-07-02,2019-07-17,2019-07-15,-2.0,Early,Retail,15,30927.52,76,22209.087647831802,1,11085.927272727273,14,21987.720567375887,1,791.8272727272727,0,0.0
969,2960531225.0,140104440,SO corp,,2019,2/26/19,20190309,CAD,1129.29,3/14/19 0:00,0,,2019-02-26,2019-03-09,2019-03-14,5.0,Late,AllSectors,11,824.3816999999999,0,0.0,0,0.0,0,0.0,0,0.0,0,0.0
970,2960541173.0,140104440,SO systems,,2019,04/12/19,20190422,CAD,159076.46,05/06/19 0:00,0,,2019-04-12,2019-04-22,2019-05-06,14.0,Late,AllSectors,10,116125.8158,0,0.0,0,0.0,1,1026.6272727272726,0,0.0,0,0.0
971,1928573647.0,100016691,BAY  corp,,2019,01/04/19,20190203,USD,15842.4,02/01/19 0:00,0,,2019-01-04,2019-02-03,2019-02-01,-2.0,Early,AllSectors,30,15842.4,0,0.0,0,0.0,0,0.0,0,0.0,0,0.0
972,1928896683.0,200769623,WAL-MAR trust,Retail,2019,03/07/19,20190322,USD,1367.02,3/18/19 0:00,0,,2019-03-07,2019-03-22,2019-03-18,-4.0,Early,Retail,15,1367.02,29,16389.271134020615,0,0.0,6,23443.847540983606,1,791.8272727272727,0,0.0
974,1930413079.0,200772595,SAFEW corporation,,2020,1/18/20,20200202,USD,138997.94,02/03/20 0:00,0,,2020-01-18,2020-02-02,2020-02-03,1.0,Late,AllSectors,15,138997.94,0,0.0,1,39251.64545454545,4,40943.96585365854,0,0.0,0,0.0
975,1929577383.0,200769623,WAL-MAR corp,Retail,2019,07/05/19,20190720,USD,1273.44,7/16/19 0:00,0,,2019-07-05,2019-07-20,2019-07-16,-4.0,Early,Retail,15,1273.44,78,22200.330217669652,1,11085.927272727273,14,21987.720567375887,1,791.8272727272727,0,0.0
976,1930010090.0,200769623,WAL-MAR corp,Retail,2019,10/15/19,20191030,USD,40127.37,10/28/19 0:00,0,,2019-10-15,2019-10-30,2019-10-28,-2.0,Early,Retail,15,40127.37,121,24177.987778695282,1,11085.927272727273,21,23591.502369668247,1,791.8272727272727,0,0.0
977,1929542356.0,200762301,C&S WH co,,2019,6/27/19,20190712,USD,16962.09,07/11/19 0:00,0,,2019-06-27,2019-07-12,2019-07-11,-1.0,Early,AllSectors,15,16962.09,2,11963.019047619047,4,52716.85609756099,3,29862.364516129033,0,0.0,0,0.0
978,1930471366.0,200732755,KROGER co,,2020,02/04/20,20200219,USD,17745.75,2/19/20 0:00,0,,2020-02-04,2020-02-19,2020-02-19,0.0,OnTime,AllSectors,15,17745.75,0,0.0,0,0.0,1,100246.67272727271,0,0.0,0,0.0
979,1929157017.0,200508557,FOODL us,,2019,4/23/19,20190508,USD,1643.11,05/08/19 0:00,0,,2019-04-23,2019-05-08,2019-05-08,0.0,OnTime,AllSectors,15,1643.11,0,0.0,0,0.0,0,0.0,0,0.0,0,0.0
981,1929051880.0,200744019,TARG systems,,2019,3/31/19,20190415,USD,18759.49,4/16/19 0:00,0,,2019-03-31,2019-04-15,2019-04-16,1.0,Late,AllSectors,15,18759.49,0,0.0,0,0.0,4,41181.480487804874,0,0.0,0,0.0
982,1930196873.0,CCCA02,KRAFT  associates,,2019,11/27/19,20200101,USD,7723.2,12/20/19 0:00,0,,2019-11-27,2020-01-01,2019-12-20,-12.0,Early,AllSectors,35,7723.2,2,9910.714285714284,1,14768.30909090909,7,29772.023943661974,0,0.0,0,0.0
983,1928595498.0,200915438,GROC us,,2019,1/14/19,20190129,USD,7251.5,1/29/19 0:00,0,,2019-01-14,2019-01-29,2019-01-29,0.0,OnTime,AllSectors,15,7251.5,0,0.0,0,0.0,0,0.0,0,0.0,0,0.0
984,1928819504.0,200418007,AM llc,,2019,2/19/19,20190306,USD,420.0,03/06/19 0:00,0,,2019-02-19,2019-03-06,2019-03-06,0.0,OnTime,AllSectors,15,420.0,0,0.0,0,0.0,1,7081.872727272727,0,0.0,0,0.0
986,1930527162.0,200769623,WAL-MAR associates,Retail,2020,2/15/20,20200301,USD,65037.69,2/25/20 0:00,0,,2020-02-15,2020-03-01,2020-02-25,-5.0,Early,Retail,15,65037.69,183,23768.4890770071,1,11085.927272727273,35,25082.993162393155,1,791.8272727272727,0,0.0
987,1930358138.0,200020431,DEC co,,2020,01/06/20,20200111,USD,7622.26,01/09/20 0:00,0,,2020-01-06,2020-01-11,2020-01-09,-2.0,Early,AllSectors,5,7622.26,3,10127.954838709677,0,0.0,1,1697.3818181818178,0,0.0,0,0.0
988,1928890862.0,200777735,NASH  corporation,,2019,03/03/19,20190318,USD,771.62,3/18/19 0:00,0,,2019-03-03,2019-03-18,2019-03-18,0.0,OnTime,AllSectors,15,771.62,1,128.0090909090909,0,0.0,0,0.0,0,0.0,0,0.0
989,1930100092.0,200794332,COST us,,2019,11/06/19,20191121,USD,28743.91,11/20/19 0:00,0,,2019-11-06,2019-11-21,2019-11-20,-1.0,Early,AllSectors,15,28743.91,7,23158.711267605635,4,12959.068292682929,5,19066.343137254906,0,0.0,0,0.0
992,1929486851.0,200726979,BJ'S  trust,,2019,6/14/19,20190629,USD,524.31,07/01/19 0:00,0,,2019-06-14,2019-06-29,2019-07-01,2.0,Late,AllSectors,15,524.31,0,0.0,9,12280.932967032968,9,11593.056043956043,0,0.0,0,0.0
993,1930426942.0,200416837,DEC associates,,2020,1/22/20,20200208,USD,286.7,02/03/20 0:00,0,,2020-01-22,2020-02-08,2020-02-03,-5.0,Early,AllSectors,17,286.7,5,2251.4392156862746,0,0.0,1,18961.081818181814,0,0.0,0,0.0
994,1929225565.0,200769623,WAL-MAR foundation,Retail,2019,4/29/19,20190514,USD,5123.95,05/09/19 0:00,0,,2019-04-29,2019-05-14,2019-05-09,-5.0,Early,Retail,15,5123.95,47,20855.470912951172,0,0.0,8,17723.343209876544,1,791.8272727272727,0,0.0
995,1929802467.0,200936373,SUPE corporation,,2019,8/30/19,20190914,USD,133776.12,9/18/19 0:00,0,,2019-08-30,2019-09-14,2019-09-18,4.0,Late,AllSectors,15,133776.12,0,0.0,2,28117.819047619047,2,52363.55714285714,0,0.0,0,0.0
997,1991821988.0,140101584,DICK trust,,2019,2/23/19,20190409,USD,8528.63,04/10/19 0:00,0,,2019-02-23,2019-04-09,2019-04-10,1.0,Late,AllSectors,45,8528.63,0,0.0,0,0.0,0,0.0,0,0.0,0,0.0
998,1929595029.0,200759878,SA corp,,2019,07/10/19,20190725,USD,49946.74,7/25/19 0:00,0,,2019-07-10,2019-07-25,2019-07-25,0.0,OnTime,AllSectors,15,49946.74,0,0.0,2,68668.69523809524,8,26240.476543209876,0,0.0,0,0.0
1000,1928660708.0,200747369,SCHNU corp,,2019,1/22/19,20190206,USD,5137.63,02/05/19 0:00,0,,2019-01-22,2019-02-06,2019-02-05,-1.0,Early,AllSectors,15,5137.63,0,0.0,0,0.0,0,0.0,0,0.0,0,0.0
1001,1930288493.0,200769623,WAL-MAR foundation,Retail,2019,12/17/19,20200101,USD,8401.19,12/27/19 0:00,0,,2019-12-17,2020-01-01,2019-12-27,-5.0,Early,Retail,15,8401.19,160,23510.838163647713,1,11085.927272727273,29,24292.270790378003,1,791.8272727272727,0,0.0
1002,1929430742.0,200712105,WALG co,,2019,06/04/19,20190619,USD,12738.78,6/20/19 0:00,0,,2019-06-04,2019-06-19,2019-06-20,1.0,Late,AllSectors,15,12738.78,0,0.0,1,44166.52727272727,0,0.0,0,0.0,0,0.0
1003,1929753971.0,200759878,SA ,,2019,8/18/19,20190902,USD,14800.28,09/04/19 0:00,0,,2019-08-18,2019-09-02,2019-09-04,2.0,Late,AllSectors,15,14800.28,0,0.0,4,67404.30731707318,14,37653.912056737594,0,0.0,0,0.0
1004,2960542004.0,140104249,SOB systems,,2019,04/12/19,20190430,CAD,17818.3,05/08/19 0:00,0,,2019-04-12,2019-04-30,2019-05-08,8.0,Late,AllSectors,18,13007.358999999999,0,0.0,0,0.0,1,21863.627272727274,0,0.0,0,0.0
1005,1930396651.0,200093491,WISCO foundation,,2020,1/14/20,20200129,USD,103125.0,1/29/20 0:00,0,,2020-01-14,2020-01-29,2020-01-29,0.0,OnTime,AllSectors,15,103125.0,0,0.0,0,0.0,0,0.0,0,0.0,0,0.0
1006,1930545607.0,200152991,JET us,,2020,2/19/20,20200310,USD,4994.95,03/10/20 0:00,0,,2020-02-19,2020-03-10,2020-03-10,0.0,OnTime,AllSectors,20,4994.95,0,0.0,0,0.0,0,0.0,0,0.0,0,0.0
1007,2960583365.0,140104340,COLABOR  us,,2019,10/02/19,20191013,CAD,30457.27,10/10/19 0:00,0,,2019-10-02,2019-10-13,2019-10-10,-3.0,Early,AllSectors,11,22233.807099999998,1,296.7181818181818,0,0.0,3,19043.287096774195,1,6162.818181818182,0,0.0
1008,1930281127.0,200795490,HY -  co,,2019,12/13/19,20191228,USD,98913.14,12/30/19 0:00,0,,2019-12-13,2019-12-28,2019-12-30,2.0,Late,AllSectors,15,98913.14,0,0.0,0,0.0,3,76210.40322580645,0,0.0,0,0.0
1009,1930135839.0,200769623,WAL-MAR llc,Retail,2019,11/11/19,20191126,USD,28232.05,11/22/19 0:00,0,,2019-11-11,2019-11-26,2019-11-22,-4.0,Early,Retail,15,28232.05,133,24056.053719008254,1,11085.927272727273,24,24084.290871369296,1,791.8272727272727,0,0.0
1010,1928798351.0,200719526,SHARP S systems,,2019,2/15/19,20190302,USD,17701.5,03/01/19 0:00,0,,2019-02-15,2019-03-02,2019-03-01,-1.0,Early,AllSectors,15,17701.5,0,0.0,0,0.0,0,0.0,0,0.0,0,0.0
1012,1929226198.0,200763489,GENERAL corporation,,2019,4/30/19,20190515,USD,32441.12,5/16/19 0:00,0,,2019-04-30,2019-05-15,2019-05-16,1.0,Late,AllSectors,15,32441.12,0,0.0,0,0.0,0,0.0,0,0.0,0,0.0
1013,1991836114.0,140103385,SUPER  trust,,2019,11/29/19,20191229,USD,38179.67,12/23/19 0:00,0,,2019-11-29,2019-12-29,2019-12-23,-6.0,Early,AllSectors,30,38179.67,0,0.0,0,0.0,0,0.0,0,0.0,0,0.0
1014,1930391750.0,200778870,C ,,2020,1/13/20,20200128,USD,3804.56,1/29/20 0:00,0,,2020-01-13,2020-01-28,2020-01-29,1.0,Late,AllSectors,15,3804.56,0,0.0,0,0.0,4,37339.90975609756,0,0.0,0,0.0
1015,1928920234.0,200786288,FAMILY systems,,2019,03/08/19,20190512,USD,10040.94,3/25/19 0:00,0,,2019-03-08,2019-05-12,2019-03-25,-48.0,Early,AllSectors,65,10040.94,0,0.0,0,0.0,0,0.0,0,0.0,0,0.0
1016,2960554173.0,140104475,FOC corp,,2019,06/12/19,20190701,CAD,2704.53,07/12/19 0:00,0,,2019-06-12,2019-07-01,2019-07-12,11.0,Late,AllSectors,19,1974.3069,0,0.0,0,0.0,0,0.0,0,0.0,0,0.0
1017,1930096592.0,200759878,SA us,,2019,11/06/19,20191121,USD,13524.16,11/22/19 0:00,0,,2019-11-06,2019-11-21,2019-11-22,1.0,Late,AllSectors,15,13524.16,0,0.0,6,53266.14262295082,17,35956.29181286549,0,0.0,0,0.0
1018,1929243004.0,200974851,RESTA associates,,2019,05/01/19,20190516,USD,376.35,5/21/19 0:00,0,,2019-05-01,2019-05-16,2019-05-21,5.0,Late,AllSectors,15,376.35,0,0.0,1,1533.3999999999999,0,0.0,0,0.0,0,0.0
1019,1929956747.0,200714710,SYSCO  foundation,,2019,10/04/19,20191019,USD,40960.18,10/21/19 0:00,0,,2019-10-04,2019-10-19,2019-10-21,2.0,Late,AllSectors,15,40960.18,3,16700.467741935485,0,0.0,3,12251.616129032258,0,0.0,0,0.0
1020,1930473664.0,200764795,SYSCO  associates,,2020,02/05/20,20200220,USD,24862.11,2/21/20 0:00,0,,2020-02-05,2020-02-20,2020-02-21,1.0,Late,AllSectors,15,24862.11,1,39321.36363636363,0,0.0,2,15176.457142857142,0,0.0,0,0.0
1021,1929790080.0,200769623,WAL-MAR us,Retail,2019,8/24/19,20190908,USD,51855.63,09/04/19 0:00,0,,2019-08-24,2019-09-08,2019-09-04,-4.0,Early,Retail,15,51855.63,100,23465.754145854142,1,11085.927272727273,18,24033.357458563536,1,791.8272727272727,0,0.0
1022,2960604636.0,CCU001,KRAFT  ,,2020,01/03/20,20200210,CAD,28220.4,2/28/20 0:00,0,,2020-01-03,2020-02-10,2020-02-28,18.0,Late,AllSectors,38,20600.892,0,0.0,0,0.0,1,28832.23636363636,0,0.0,0,0.0
1023,2960589253.0,140105686,SYSC trust,,2019,10/30/19,20191111,CAD,77867.24,11/14/19 0:00,0,,2019-10-30,2019-11-11,2019-11-14,3.0,Late,AllSectors,12,56843.0852,0,0.0,0,0.0,9,34045.23516483516,0,0.0,0,0.0
1024,2960550736.0,140106408,WAL-M ,,2019,5/24/19,20190604,CAD,195583.64,06/10/19 0:00,0,,2019-05-24,2019-06-04,2019-06-10,6.0,Late,AllSectors,11,142776.0572,0,0.0,0,0.0,6,25123.437704918033,0,0.0,0,0.0
1025,1930526840.0,200763814,SYSCO F ,,2020,2/13/20,20200228,USD,6786.5,03/02/20 0:00,0,,2020-02-13,2020-02-28,2020-03-02,3.0,Late,AllSectors,15,6786.5,1,2677.2454545454543,0,0.0,2,14395.371428571429,0,0.0,0,0.0
1026,1929387525.0,200704858,WAKE corporation,,2019,5/29/19,20190613,USD,71108.88,6/17/19 0:00,0,,2019-05-29,2019-06-13,2019-06-17,4.0,Late,AllSectors,15,71108.88,0,0.0,1,15927.381818181815,0,0.0,0,0.0,0,0.0
1027,1930552629.0,CCU013,KRAFT F corporation,,2020,2/22/20,20200222,USD,9838.08,3/27/20 0:00,0,,2020-02-22,2020-02-22,2020-03-27,34.0,VeryLate,AllSectors,0,9838.08,0,0.0,0,0.0,0,0.0,6,36315.03606557377,0,0.0
1028,1930210545.0,200769623,WAL-MAR co,Retail,2019,12/03/19,20191218,USD,60594.08,12/20/19 0:00,0,,2019-12-03,2019-12-18,2019-12-20,2.0,Late,Retail,15,60594.08,145,23899.22839421088,1,11085.927272727273,27,23809.477859778595,1,791.8272727272727,0,0.0
1029,1929154263.0,200794332,COST trust,,2019,4/17/19,20190502,USD,1222.75,05/02/19 0:00,0,,2019-04-17,2019-05-02,2019-05-02,0.0,OnTime,AllSectors,15,1222.75,2,20499.290476190476,2,19578.22857142857,2,22460.428571428572,0,0.0,0,0.0
1030,1930270289.0,200769623,WAL-MAR associates,Retail,2019,12/12/19,20191227,USD,18493.2,12/24/19 0:00,0,,2019-12-12,2019-12-27,2019-12-24,-3.0,Early,Retail,15,18493.2,155,23522.126499032875,1,11085.927272727273,29,24292.270790378003,1,791.8272727272727,0,0.0
1031,1928653042.0,200772670,ASSOCIAT corporation,,2019,1/21/19,20190205,USD,27030.55,02/05/19 0:00,0,,2019-01-21,2019-02-05,2019-02-05,0.0,OnTime,AllSectors,15,27030.55,0,0.0,0,0.0,0,0.0,0,0.0,0,0.0
1032,1928946054.0,200759878,SA foundation,,2019,03/12/19,20190327,USD,51770.21,3/28/19 0:00,0,,2019-03-12,2019-03-27,2019-03-28,1.0,Late,AllSectors,15,51770.21,0,0.0,1,57069.42727272727,5,24588.7,0,0.0,0,0.0
1033,1929890501.0,200782001,GORDO corp,,2019,9/17/19,20191002,USD,18144.8,10/01/19 0:00,0,,2019-09-17,2019-10-02,2019-10-01,-1.0,Early,AllSectors,15,18144.8,1,19145.945454545454,0,0.0,2,18940.390476190474,0,0.0,0,0.0
1035,2960574946.0,140105686,SYSC trust,,2019,8/23/19,20190903,CAD,89814.73,09/12/19 0:00,0,,2019-08-23,2019-09-03,2019-09-12,9.0,Late,AllSectors,11,65564.75289999999,0,0.0,0,0.0,7,27026.53661971831,0,0.0,0,0.0
1036,1929881568.0,100001196,DOLLAR in,,2019,9/20/19,20191005,USD,13586.4,10/15/19 0:00,0,,2019-09-20,2019-10-05,2019-10-15,10.0,Late,AllSectors,15,13586.4,0,0.0,0,0.0,1,5110.099999999999,0,0.0,0,0.0
1037,1929998089.0,200705742,DOT llc,,2019,10/11/19,20191112,USD,41397.26,10/28/19 0:00,0,,2019-10-11,2019-11-12,2019-10-28,-15.0,Early,AllSectors,32,41397.26,5,12002.796078431373,3,8635.535483870968,2,15912.309523809523,0,0.0,0,0.0
1038,1930570054.0,200780383,MEIJ corporation,,2020,2/26/20,20200312,USD,22387.37,03/12/20 0:00,0,,2020-02-26,2020-03-12,2020-03-12,0.0,OnTime,AllSectors,15,22387.37,0,0.0,4,39590.6756097561,7,57430.30422535212,0,0.0,0,0.0
1040,1929400343.0,200761734,H E BUT trust,,2019,5/31/19,20190615,USD,14964.9,6/18/19 0:00,0,,2019-05-31,2019-06-15,2019-06-18,3.0,Late,AllSectors,15,14964.9,3,31161.69677419355,0,0.0,0,0.0,0,0.0,0,0.0
1041,1928870382.0,200769623,WAL-MAR in,Retail,2019,2/28/19,20190315,USD,19557.41,03/12/19 0:00,0,,2019-02-28,2019-03-15,2019-03-12,-3.0,Early,Retail,15,19557.41,25,15567.849003984062,0,0.0,6,23443.847540983606,1,791.8272727272727,0,0.0
1042,1930191734.0,200048886,SHERWO co,,2019,11/25/19,20191210,USD,73216.23,12/12/19 0:00,0,,2019-11-25,2019-12-10,2019-12-12,2.0,Late,AllSectors,15,73216.23,0,0.0,0,0.0,0,0.0,0,0.0,0,0.0
1043,1930558826.0,200936373,SUPE trust,,2020,2/22/20,20200308,USD,68419.98,03/09/20 0:00,0,,2020-02-22,2020-03-08,2020-03-09,1.0,Late,AllSectors,15,68419.98,0,0.0,4,45350.75853658537,5,55681.73921568628,0,0.0,0,0.0
1044,2960554507.0,140104440,SO us,,2019,06/12/19,20190624,CAD,66682.52,6/28/19 0:00,0,,2019-06-12,2019-06-24,2019-06-28,4.0,Late,AllSectors,12,48678.2396,0,0.0,0,0.0,4,104358.07560975612,0,0.0,0,0.0
1045,1930324007.0,200722444,PERFOR corporation,,2020,01/02/20,20200203,USD,8126.8,1/17/20 0:00,0,,2020-01-02,2020-02-03,2020-01-17,-17.0,Early,AllSectors,32,8126.8,0,0.0,0,0.0,0,0.0,0,0.0,0,0.0
1047,1928647630.0,200779340,CARA foundation,,2019,1/23/19,20190212,USD,13730.84,02/12/19 0:00,0,,2019-01-23,2019-02-12,2019-02-12,0.0,OnTime,AllSectors,20,13730.84,0,0.0,0,0.0,0,0.0,0,0.0,0,0.0
1048,1930537061.0,200769623,WAL-MAR trust,Retail,2020,2/18/20,20200304,USD,23897.25,03/05/20 0:00,0,,2020-02-18,2020-03-04,2020-03-05,1.0,Late,Retail,15,23897.25,185,24131.66898973528,1,11085.927272727273,36,24647.709972299162,1,791.8272727272727,0,0.0
1049,1930020102.0,200793088,DEMOU us,,2019,10/17/19,20191101,USD,191999.14,10/31/19 0:00,0,,2019-10-17,2019-11-01,2019-10-31,-1.0,Early,AllSectors,15,191999.14,0,0.0,1,135139.52727272728,0,0.0,0,0.0,0,0.0
1050,1929739974.0,100005765,TIPTON associates,,2019,8/15/19,20190924,USD,26518.68,11/08/19 0:00,0,,2019-08-15,2019-09-24,2019-11-08,45.0,VeryLate,AllSectors,40,26518.68,0,0.0,0,0.0,0,0.0,0,0.0,0,0.0
1051,2960564760.0,140104340,COLABOR  ,,2019,7/26/19,20190805,CAD,54420.22,08/08/19 0:00,0,,2019-07-26,2019-08-05,2019-08-08,3.0,Late,AllSectors,10,39726.7606,1,296.7181818181818,0,0.0,1,3480.6454545454544,1,6162.818181818182,0,0.0
1052,2960607606.0,140106181,THE  co,,2020,1/16/20,20200126,CAD,9182.4,04/08/20 0:00,0,,2020-01-16,2020-01-26,2020-04-08,73.0,VeryLate,AllSectors,10,6703.151999999999,0,0.0,0,0.0,0,0.0,3,23834.14193548387,1,107021.22727272726
1053,1928589831.0,200769623,WAL-MAR systems,Retail,2019,01/08/19,20190123,USD,22466.36,1/18/19 0:00,0,,2019-01-08,2019-01-23,2019-01-18,-5.0,Early,Retail,15,22466.36,2,16388.35238095238,0,0.0,0,0.0,0,0.0,0,0.0
1054,1929948062.0,200764795,SYSCO  associates,,2019,10/03/19,20191018,USD,3010.12,10/21/19 0:00,0,,2019-10-03,2019-10-18,2019-10-21,3.0,Late,AllSectors,15,3010.12,1,39321.36363636363,0,0.0,1,26236.763636363634,0,0.0,0,0.0
1055,1930432900.0,200769623,WAL-MAR llc,Retail,2020,1/26/20,20200210,USD,12430.45,02/06/20 0:00,0,,2020-01-26,2020-02-10,2020-02-06,-4.0,Early,Retail,15,12430.45,176,23924.33134582623,1,11085.927272727273,32,22470.890342679122,1,791.8272727272727,0,0.0
1057,1929677354.0,200759878,SA associates,,2019,7/31/19,20190815,USD,82206.66,8/15/19 0:00,0,,2019-07-31,2019-08-15,2019-08-15,0.0,OnTime,AllSectors,15,82206.66,0,0.0,3,62629.354838709674,11,35788.36576576577,0,0.0,0,0.0
1059,1930019557.0,200769623,WAL-MAR associates,Retail,2019,10/17/19,20191101,USD,15609.19,10/28/19 0:00,0,,2019-10-17,2019-11-01,2019-10-28,-4.0,Early,Retail,15,15609.19,122,24308.613349713338,1,11085.927272727273,21,23591.502369668247,1,791.8272727272727,0,0.0
1060,1929619733.0,200769623,WAL-MAR corporation,Retail,2019,7/15/19,20190730,USD,61849.57,7/31/19 0:00,0,,2019-07-15,2019-07-30,2019-07-31,1.0,Late,Retail,15,61849.57,85,22438.547473560513,1,11085.927272727273,17,21821.883040935674,1,791.8272727272727,0,0.0
1061,1928871457.0,200795490,HY -  in,,2019,2/27/19,20190314,USD,94895.77,3/18/19 0:00,0,,2019-02-27,2019-03-14,2019-03-18,4.0,Late,AllSectors,15,94895.77,0,0.0,0,0.0,0,0.0,0,0.0,0,0.0
1065,2960567718.0,140106408,WAL-M associates,,2019,7/24/19,20190803,CAD,19945.76,08/12/19 0:00,0,,2019-07-24,2019-08-03,2019-08-12,9.0,Late,AllSectors,10,14560.404799999998,0,0.0,0,0.0,9,47937.837362637365,0,0.0,0,0.0
1066,1929616699.0,200726979,BJ'S  trust,,2019,7/13/19,20190728,USD,199.53,7/29/19 0:00,0,,2019-07-13,2019-07-28,2019-07-29,1.0,Late,AllSectors,15,199.53,0,0.0,12,9326.320661157024,13,14516.26717557252,0,0.0,0,0.0
1067,2960550893.0,140104440,SO trust,,2019,5/31/19,20190610,CAD,3754.34,6/17/19 0:00,0,,2019-05-31,2019-06-10,2019-06-17,7.0,Late,AllSectors,10,2740.6682,0,0.0,0,0.0,3,136810.8935483871,0,0.0,0,0.0
1068,1930437429.0,200772595,SAFEW llc,,2020,1/24/20,20200208,USD,173755.57,02/10/20 0:00,0,,2020-01-24,2020-02-08,2020-02-10,2.0,Late,AllSectors,15,173755.57,0,0.0,1,39251.64545454545,5,60170.23529411765,0,0.0,0,0.0
1069,1929824459.0,200752302,KROGER associates,,2019,09/03/19,20190918,USD,67417.08,9/18/19 0:00,0,,2019-09-03,2019-09-18,2019-09-18,0.0,OnTime,AllSectors,15,67417.08,0,0.0,2,82421.74285714286,0,0.0,0,0.0,0,0.0
1070,2960550506.0,140105686,SYSC systems,,2019,5/23/19,20190608,CAD,20391.92,6/13/19 0:00,0,,2019-05-23,2019-06-08,2019-06-13,5.0,Late,AllSectors,16,14886.101599999998,0,0.0,0,0.0,3,21842.154838709674,0,0.0,0,0.0
1072,1928798795.0,200555117,BURR corp,,2019,2/14/19,20190301,USD,186.17,03/01/19 0:00,0,,2019-02-14,2019-03-01,2019-03-01,0.0,OnTime,AllSectors,15,186.17,0,0.0,0,0.0,1,432.4454545454545,0,0.0,0,0.0
1075,2960526461.0,140104423,METRO  trust,,2019,02/01/19,20190212,CAD,149467.35,02/11/19 0:00,0,,2019-02-01,2019-02-12,2019-02-11,-1.0,Early,AllSectors,11,109111.1655,1,154251.21818181817,0,0.0,0,0.0,0,0.0,0,0.0
1076,1929636804.0,200729290,KROGER corp,,2019,7/19/19,20190803,USD,50767.6,08/05/19 0:00,0,,2019-07-19,2019-08-03,2019-08-05,2.0,Late,AllSectors,15,50767.6,0,0.0,0,0.0,1,17315.963636363635,0,0.0,0,0.0
1077,1929775122.0,200769623,WAL-MAR llc,Retail,2019,8/24/19,20190908,USD,44782.11,09/04/19 0:00,0,,2019-08-24,2019-09-08,2019-09-04,-4.0,Early,Retail,15,44782.11,100,23465.754145854142,1,11085.927272727273,18,24033.357458563536,1,791.8272727272727,0,0.0
1078,1929588387.0,CCCA02,KRAFT  foundation,,2019,07/09/19,20190813,USD,42151.56,8/30/19 0:00,0,,2019-07-09,2019-08-13,2019-08-30,17.0,Late,AllSectors,35,42151.56,1,7003.636363636363,1,14768.30909090909,6,27742.59180327869,0,0.0,0,0.0
1079,1929203481.0,200707741,SMART &  us,,2019,4/24/19,20190509,USD,16829.23,05/09/19 0:00,0,,2019-04-24,2019-05-09,2019-05-09,0.0,OnTime,AllSectors,15,16829.23,0,0.0,0,0.0,0,0.0,0,0.0,0,0.0
1082,1930416405.0,CCU013,KRAFT F corporation,,2020,1/24/20,20200124,USD,6811.24,2/28/20 0:00,0,,2020-01-24,2020-01-24,2020-02-28,35.0,VeryLate,AllSectors,0,6811.24,0,0.0,0,0.0,0,0.0,5,42100.09411764706,0,0.0
1083,1929580295.0,200705742,DOT foundation,,2019,07/08/19,20190811,USD,3712.99,08/09/19 0:00,0,,2019-07-08,2019-08-11,2019-08-09,-2.0,Early,AllSectors,34,3712.99,3,2804.841935483871,3,8635.535483870968,1,10420.172727272728,0,0.0,0,0.0
1084,1930268854.0,200769623,WAL-MAR llc,Retail,2019,12/13/19,20191228,USD,1328.25,12/24/19 0:00,0,,2019-12-13,2019-12-28,2019-12-24,-4.0,Early,Retail,15,1328.25,157,23732.962953532777,1,11085.927272727273,29,24292.270790378003,1,791.8272727272727,0,0.0
1085,1929398362.0,200769623,WAL-MAR corporation,Retail,2019,5/29/19,20190613,USD,7466.94,06/10/19 0:00,0,,2019-05-29,2019-06-13,2019-06-10,-3.0,Early,Retail,15,7466.94,59,19679.76040609137,1,11085.927272727273,11,22015.60900900901,1,791.8272727272727,0,0.0
1086,1929743506.0,200769623,WAL-MAR ,Retail,2019,8/16/19,20190831,USD,22456.09,8/27/19 0:00,0,,2019-08-16,2019-08-31,2019-08-27,-4.0,Early,Retail,15,22456.09,94,23014.67874601487,1,11085.927272727273,18,24033.357458563536,1,791.8272727272727,0,0.0
1087,2960553525.0,140104423,METRO  corp,,2019,06/06/19,20190617,CAD,111507.2,6/18/19 0:00,0,,2019-06-06,2019-06-17,2019-06-18,1.0,Late,AllSectors,11,81400.256,3,123594.56129032258,0,0.0,1,163027.83636363634,0,0.0,0,0.0
1088,1929222271.0,200769623,WAL-MAR systems,Retail,2019,4/28/19,20190513,USD,43343.91,05/10/19 0:00,0,,2019-04-28,2019-05-13,2019-05-10,-3.0,Early,Retail,15,43343.91,46,20367.65227765727,0,0.0,8,17723.343209876544,1,791.8272727272727,0,0.0
1089,1929724555.0,200763814,SYSCO F ,,2019,08/07/19,20190908,USD,2944.97,8/30/19 0:00,0,,2019-08-07,2019-09-08,2019-08-30,-9.0,Early,AllSectors,32,2944.97,0,0.0,0,0.0,1,5473.136363636363,0,0.0,0,0.0
1091,1928684240.0,200744019,TARG trust,,2019,1/26/19,20190210,USD,3092.4,2/14/19 0:00,0,,2019-01-26,2019-02-10,2019-02-14,4.0,Late,AllSectors,15,3092.4,0,0.0,0,0.0,1,124402.99999999999,0,0.0,0,0.0
1093,2960557282.0,140106181,THE  us,,2019,6/26/19,20190707,CAD,44748.0,09/12/19 0:00,0,,2019-06-26,2019-07-07,2019-09-12,67.0,VeryLate,AllSectors,11,32666.04,0,0.0,0,0.0,0,0.0,0,0.0,1,107021.22727272726
1094,1929292687.0,200705742,DOT corp,,2019,05/10/19,20190525,USD,11462.19,5/28/19 0:00,0,,2019-05-10,2019-05-25,2019-05-28,3.0,Late,AllSectors,15,11462.19,1,3320.3090909090906,3,8635.535483870968,0,0.0,0,0.0,0,0.0
1095,1929378666.0,200769623,WAL-MAR co,Retail,2019,5/25/19,20190609,USD,56602.67,06/05/19 0:00,0,,2019-05-25,2019-06-09,2019-06-05,-4.0,Early,Retail,15,56602.67,58,19044.25421686747,1,11085.927272727273,9,21682.39230769231,1,791.8272727272727,0,0.0
1096,1930455066.0,200772670,ASSOCIAT associates,,2020,1/29/20,20200213,USD,19002.25,2/14/20 0:00,0,,2020-01-29,2020-02-13,2020-02-14,1.0,Late,AllSectors,15,19002.25,3,55643.96129032257,5,27217.262745098044,15,45530.64701986755,0,0.0,0,0.0
1097,1929083384.0,200769623,WAL-MAR llc,Retail,2019,04/06/19,20190421,USD,15673.51,4/17/19 0:00,0,,2019-04-06,2019-04-21,2019-04-17,-4.0,Early,Retail,15,15673.51,39,19742.880818414324,0,0.0,7,20161.547887323944,1,791.8272727272727,0,0.0
1098,1929362775.0,200705372,FR corp,,2019,5/24/19,20190608,USD,53616.34,06/10/19 0:00,0,,2019-05-24,2019-06-08,2019-06-10,2.0,Late,AllSectors,15,53616.34,0,0.0,1,4839.627272727273,0,0.0,0,0.0,0,0.0
1099,1928949387.0,200729942,SA systems,,2019,03/12/19,20190327,USD,5701.62,3/28/19 0:00,0,,2019-03-12,2019-03-27,2019-03-28,1.0,Late,AllSectors,15,5701.62,1,2840.636363636363,0,0.0,0,0.0,0,0.0,0,0.0
1100,1930130562.0,200705742,DOT corp,,2019,11/08/19,20191128,USD,40783.56,11/25/19 0:00,0,,2019-11-08,2019-11-28,2019-11-25,-3.0,Early,AllSectors,20,40783.56,7,18420.64647887324,4,8064.297560975611,2,15912.309523809523,0,0.0,0,0.0
1101,1928991413.0,200936373,SUPE corporation,,2019,3/19/19,20190403,USD,14890.27,04/05/19 0:00,0,,2019-03-19,2019-04-03,2019-04-05,2.0,Late,AllSectors,15,14890.27,0,0.0,0,0.0,0,0.0,0,0.0,0,0.0
1103,1929617536.0,200769623,WAL-MAR foundation,Retail,2019,7/14/19,20190729,USD,9387.87,7/31/19 0:00,0,,2019-07-14,2019-07-29,2019-07-31,2.0,Late,Retail,15,9387.87,85,22438.547473560513,1,11085.927272727273,16,22594.181987577642,1,791.8272727272727,0,0.0
1104,1929770165.0,140142846,MONDE us,,2019,8/26/19,20191025,USD,5678.23,11/02/19 0:00,0,,2019-08-26,2019-10-25,2019-11-02,8.0,Late,AllSectors,60,5678.23,0,0.0,0,0.0,1,7878.2363636363625,0,0.0,0,0.0
1105,1929095893.0,100031704,DELHAIZE us,,2019,04/08/19,20190423,USD,38758.41,4/24/19 0:00,0,,2019-04-08,2019-04-23,2019-04-24,1.0,Late,AllSectors,15,38758.41,1,54502.93636363636,1,581.8181818181818,1,15665.02727272727,0,0.0,0,0.0
1106,1928885608.0,200769623,WAL-MAR corporation,Retail,2019,03/02/19,20190317,USD,45144.4,03/12/19 0:00,0,,2019-03-02,2019-03-17,2019-03-12,-5.0,Early,Retail,15,45144.4,27,15862.281549815494,0,0.0,6,23443.847540983606,1,791.8272727272727,0,0.0
1107,1929759112.0,CCU013,KRAFT F associates,,2019,8/23/19,20190823,USD,66504.51,9/27/19 0:00,0,,2019-08-23,2019-08-23,2019-09-27,35.0,VeryLate,AllSectors,0,66504.51,0,0.0,0,0.0,0,0.0,1,2904.881818181818,0,0.0
1108,1929351590.0,200726979,BJ'S  trust,,2019,5/21/19,20190605,USD,232.08,06/05/19 0:00,0,,2019-05-21,2019-06-05,2019-06-05,0.0,OnTime,AllSectors,15,232.08,0,0.0,4,27000.421951219512,8,10730.02962962963,0,0.0,0,0.0
1109,1930324971.0,200793122,PIGGLY trust,,2020,12/30/19,20200114,USD,25585.94,01/10/20 0:00,0,,2019-12-30,2020-01-14,2020-01-10,-4.0,Early,AllSectors,15,25585.94,0,0.0,0,0.0,0,0.0,0,0.0,0,0.0
1110,1930422102.0,200769623,WAL-MAR llc,Retail,2020,1/22/20,20200206,USD,16151.2,02/03/20 0:00,0,,2020-01-22,2020-02-06,2020-02-03,-3.0,Early,Retail,15,16151.2,171,23787.764289888946,1,11085.927272727273,31,23115.739871382633,1,791.8272727272727,0,0.0
1111,1929965000.0,200799367,MCL trust,,2019,10/09/19,20191024,USD,7873.55,11/19/19 0:00,0,,2019-10-09,2019-10-24,2019-11-19,26.0,Late,AllSectors,15,7873.55,0,0.0,1,87341.51818181817,0,0.0,0,0.0,0,0.0
1114,1929420892.0,200769623,WAL-MAR us,Retail,2019,06/03/19,20190618,USD,42202.32,6/17/19 0:00,0,,2019-06-03,2019-06-18,2019-06-17,-1.0,Early,Retail,15,42202.32,61,19800.890180032737,1,11085.927272727273,11,22015.60900900901,1,791.8272727272727,0,0.0
1115,1929424066.0,200331749,SYSC corporation,,2019,06/05/19,20190707,USD,14395.17,07/09/19 0:00,0,,2019-06-05,2019-07-07,2019-07-09,2.0,Late,AllSectors,32,14395.17,0,0.0,0,0.0,1,3374.072727272727,0,0.0,0,0.0
1116,1928762454.0,200762301,C&S WH associates,,2019,02/08/19,20190414,USD,1180.07,4/16/19 0:00,0,,2019-02-08,2019-04-14,2019-04-16,2.0,Late,AllSectors,65,1180.07,0,0.0,1,5086.472727272727,0,0.0,0,0.0,0,0.0
1117,1929976043.0,200769623,WAL-MAR in,Retail,2019,10/07/19,20191022,USD,2871.65,10/17/19 0:00,0,,2019-10-07,2019-10-22,2019-10-17,-5.0,Early,Retail,15,2871.65,119,24148.720990764054,1,11085.927272727273,21,23591.502369668247,1,791.8272727272727,0,0.0
1118,2960524005.0,140104340,COLABOR  associates,,2019,1/22/19,20190203,CAD,3828.71,02/07/19 0:00,0,,2019-01-22,2019-02-03,2019-02-07,4.0,Late,AllSectors,12,2794.9583,0,0.0,0,0.0,0,0.0,0,0.0,0,0.0
1121,1930076751.0,200806580,BE foundation,,2019,10/31/19,20191115,USD,3479.04,11/12/19 0:00,0,,2019-10-31,2019-11-15,2019-11-12,-3.0,Early,AllSectors,15,3479.04,0,0.0,0,0.0,0,0.0,0,0.0,0,0.0
1123,1991830486.0,CC3620,HEINZ AF foundation,,2019,8/16/19,20190930,USD,5344.32,9/27/19 0:00,0,,2019-08-16,2019-09-30,2019-09-27,-3.0,Early,AllSectors,45,5344.32,1,3936.3272727272724,0,0.0,0,0.0,0,0.0,0,0.0
1125,1928794861.0,200726979,BJ'S  in,,2019,2/14/19,20190301,USD,421.78,03/01/19 0:00,0,,2019-02-14,2019-03-01,2019-03-01,0.0,OnTime,AllSectors,15,421.78,0,0.0,0,0.0,3,27214.716129032262,0,0.0,0,0.0
1126,1930179111.0,200705372,FR ,,2019,11/22/19,20191207,USD,102080.18,12/09/19 0:00,0,,2019-11-22,2019-12-07,2019-12-09,2.0,Late,AllSectors,15,102080.18,0,0.0,2,3295.4761904761904,1,48742.127272727266,0,0.0,0,0.0
1128,1930253913.0,200769623,WAL-MAR systems,Retail,2019,12/09/19,20191224,USD,46068.37,12/20/19 0:00,0,,2019-12-09,2019-12-24,2019-12-20,-4.0,Early,Retail,15,46068.37,149,23885.63024815559,1,11085.927272727273,29,24292.270790378003,1,791.8272727272727,0,0.0
1129,1930129862.0,200769623,WAL-MAR trust,Retail,2019,11/10/19,20191125,USD,42117.17,11/20/19 0:00,0,,2019-11-10,2019-11-25,2019-11-20,-5.0,Early,Retail,15,42117.17,130,24179.9960799385,1,11085.927272727273,24,24084.290871369296,1,791.8272727272727,0,0.0
1130,2960584310.0,140106372,G T  ,,2019,10/03/19,20191017,CAD,10662.94,10/18/19 0:00,0,,2019-10-03,2019-10-17,2019-10-18,1.0,Late,AllSectors,14,7783.9462,0,0.0,0,0.0,0,0.0,0,0.0,0,0.0
1131,1929871966.0,200357714,US  corp,,2019,9/13/19,20190928,USD,38991.71,10/04/19 0:00,0,,2019-09-13,2019-09-28,2019-10-04,6.0,Late,AllSectors,15,38991.71,0,0.0,0,0.0,0,0.0,0,0.0,0,0.0
1132,1929784199.0,200739006,AL in,,2019,8/30/19,20190914,USD,25837.8,9/13/19 0:00,0,,2019-08-30,2019-09-14,2019-09-13,-1.0,Early,AllSectors,15,25837.8,0,0.0,0,0.0,0,0.0,0,0.0,0,0.0
1133,1928784055.0,200777735,NASH  co,,2019,02/12/19,20190227,USD,140.81,2/25/19 0:00,0,,2019-02-12,2019-02-27,2019-02-25,-2.0,Early,AllSectors,15,140.81,0,0.0,0,0.0,0,0.0,0,0.0,0,0.0
1134,1930412815.0,200747369,SCHNU trust,,2020,1/19/20,20200203,USD,27377.29,02/03/20 0:00,0,,2020-01-19,2020-02-03,2020-02-03,0.0,OnTime,AllSectors,15,27377.29,1,4670.572727272727,0,0.0,0,0.0,0,0.0,0,0.0
1135,1928719609.0,200772670,ASSOCIAT trust,,2019,1/31/19,20190215,USD,20664.37,2/14/19 0:00,0,,2019-01-31,2019-02-15,2019-02-14,-1.0,Early,AllSectors,15,20664.37,0,0.0,1,24573.22727272727,0,0.0,0,0.0,0,0.0
1136,1930207262.0,200777735,NASH  ,,2019,12/02/19,20191217,USD,116998.97,12/16/19 0:00,0,,2019-12-02,2019-12-17,2019-12-16,-1.0,Early,AllSectors,15,116998.97,2,5714.328571428571,2,545.7904761904762,0,0.0,0,0.0,0,0.0
1137,1930343354.0,200769623,WAL-MAR llc,Retail,2020,01/02/20,20200117,USD,485.06,1/14/20 0:00,0,,2020-01-02,2020-01-17,2020-01-14,-3.0,Early,Retail,15,485.06,161,23417.04767225325,1,11085.927272727273,29,24292.270790378003,1,791.8272727272727,0,0.0
1138,1928818650.0,CCCA02,KRAFT  trust,,2019,2/20/19,20190327,USD,22704.0,3/29/19 0:00,0,,2019-02-20,2019-03-27,2019-03-29,2.0,Late,AllSectors,35,22704.0,1,7003.636363636363,0,0.0,0,0.0,0,0.0,0,0.0
1139,1930492689.0,200762301,C&S WH corp,,2020,02/10/20,20200415,USD,5231.91,2/25/20 0:00,0,,2020-02-10,2020-04-15,2020-02-25,-50.0,Early,AllSectors,65,5231.91,3,13575.62258064516,9,54154.419780219774,6,28121.1,0,0.0,0,0.0
1140,1929375608.0,200888842,JULI llc,,2019,5/27/19,20190611,USD,31116.42,6/19/19 0:00,0,,2019-05-27,2019-06-11,2019-06-19,8.0,Late,AllSectors,15,31116.42,0,0.0,0,0.0,0,0.0,0,0.0,0,0.0
1142,1928682736.0,200769623,WAL-MAR in,Retail,2019,1/25/19,20190209,USD,44531.53,02/12/19 0:00,0,,2019-01-25,2019-02-09,2019-02-12,3.0,Late,Retail,15,44531.53,13,20955.66641221374,0,0.0,2,23725.857142857145,1,791.8272727272727,0,0.0
1143,1929710214.0,200353024,DECA llc,,2019,08/06/19,20190824,USD,174.72,8/16/19 0:00,0,,2019-08-06,2019-08-24,2019-08-16,-8.0,Early,AllSectors,18,174.72,3,94.68387096774192,0,0.0,0,0.0,0,0.0,0,0.0
1144,2960592867.0,140104472,MARTIN systems,,2019,11/14/19,20191202,CAD,4334.4,12/04/19 0:00,0,,2019-11-14,2019-12-02,2019-12-04,2.0,Late,AllSectors,18,3164.1119999999996,0,0.0,0,0.0,0,0.0,0,0.0,0,0.0
1145,1929045074.0,200765011,MAINES trust,,2019,3/29/19,20190413,USD,53327.32,4/15/19 0:00,0,,2019-03-29,2019-04-13,2019-04-15,2.0,Late,AllSectors,15,53327.32,0,0.0,0,0.0,0,0.0,0,0.0,0,0.0
1146,1928651255.0,200756072,REINHA foundation,,2019,1/24/19,20190213,USD,12322.77,2/21/19 0:00,0,,2019-01-24,2019-02-13,2019-02-21,8.0,Late,AllSectors,20,12322.77,0,0.0,0,0.0,0,0.0,0,0.0,0,0.0
1147,1929008891.0,200769623,WAL-MAR ,Retail,2019,3/22/19,20190406,USD,70726.38,04/02/19 0:00,0,,2019-03-22,2019-04-06,2019-04-02,-4.0,Early,Retail,15,70726.38,34,17384.21260997067,0,0.0,7,20161.547887323944,1,791.8272727272727,0,0.0
1148,1928976938.0,200748108,KROGER corporation,,2019,3/17/19,20190401,USD,41962.03,04/02/19 0:00,0,,2019-03-17,2019-04-01,2019-04-02,1.0,Late,AllSectors,15,41962.03,0,0.0,1,112337.77272727272,1,52880.35454545454,0,0.0,0,0.0
1149,1929319433.0,200769623,WAL-MAR foundation,Retail,2019,5/17/19,20190601,USD,13876.93,5/29/19 0:00,0,,2019-05-17,2019-06-01,2019-05-29,-3.0,Early,Retail,15,13876.93,54,19165.40609981516,1,11085.927272727273,8,17723.343209876544,1,791.8272727272727,0,0.0
1151,1929496267.0,200769623,WAL-MAR llc,Retail,2019,6/16/19,20190701,USD,41785.45,6/26/19 0:00,0,,2019-06-16,2019-07-01,2019-06-26,-5.0,Early,Retail,15,41785.45,68,19618.935095447872,1,11085.927272727273,12,20537.457851239673,1,791.8272727272727,0,0.0
1154,1929910775.0,200721222,GO systems,,2019,9/23/19,20191008,USD,53812.94,10/08/19 0:00,0,,2019-09-23,2019-10-08,2019-10-08,0.0,OnTime,AllSectors,15,53812.94,0,0.0,1,15734.099999999997,1,25752.64545454545,0,0.0,0,0.0
1155,1929286394.0,200792293,UNIFIE us,,2019,05/09/19,20190524,USD,114464.24,5/28/19 0:00,0,,2019-05-09,2019-05-24,2019-05-28,4.0,Late,AllSectors,15,114464.24,0,0.0,1,33059.781818181815,0,0.0,0,0.0,0,0.0
1157,1930220478.0,200799367,MCL foundation,,2019,12/05/19,20191220,USD,61595.55,12/23/19 0:00,0,,2019-12-05,2019-12-20,2019-12-23,3.0,Late,AllSectors,15,61595.55,0,0.0,1,87341.51818181817,2,10770.419047619047,0,0.0,0,0.0
1158,1930411576.0,200769623,WAL-MAR co,Retail,2020,1/19/20,20200203,USD,14661.88,1/29/20 0:00,0,,2020-01-19,2020-02-03,2020-01-29,-5.0,Early,Retail,15,14661.88,170,23841.414403292172,1,11085.927272727273,31,23115.739871382633,1,791.8272727272727,0,0.0
1159,1928681236.0,200748108,KROGER foundation,,2019,1/25/19,20190209,USD,58168.39,02/11/19 0:00,0,,2019-01-25,2019-02-09,2019-02-11,2.0,Late,AllSectors,15,58168.39,0,0.0,1,112337.77272727272,0,0.0,0,0.0,0,0.0
1160,1929721936.0,200794332,COST foundation,,2019,08/12/19,20190827,USD,51407.61,8/26/19 0:00,0,,2019-08-12,2019-08-27,2019-08-26,-1.0,Early,AllSectors,15,51407.61,4,25092.643902439027,3,13657.106451612903,3,25472.81612903226,0,0.0,0,0.0
1161,1929494061.0,200794332,COST foundation,,2019,6/17/19,20190702,USD,42013.63,07/01/19 0:00,0,,2019-06-17,2019-07-02,2019-07-01,-1.0,Early,AllSectors,15,42013.63,2,20499.290476190476,3,13657.106451612903,3,25472.81612903226,0,0.0,0,0.0
1162,1929642946.0,200769623,WAL-MAR ,Retail,2019,7/20/19,20190804,USD,4355.07,7/30/19 0:00,0,,2019-07-20,2019-08-04,2019-07-30,-5.0,Early,Retail,15,4355.07,86,22723.866318234603,1,11085.927272727273,18,24033.357458563536,1,791.8272727272727,0,0.0
1163,1930530560.0,200769623,WAL-MAR foundation,Retail,2020,2/15/20,20200301,USD,9369.27,03/03/20 0:00,0,,2020-02-15,2020-03-01,2020-03-03,2.0,Late,Retail,15,9369.27,183,23768.4890770071,1,11085.927272727273,35,25082.993162393155,1,791.8272727272727,0,0.0
1164,1928659799.0,200704045,RA ,,2019,1/22/19,20190206,USD,19290.65,02/06/19 0:00,0,,2019-01-22,2019-02-06,2019-02-06,0.0,OnTime,AllSectors,15,19290.65,0,0.0,0,0.0,0,0.0,0,0.0,0,0.0
1165,1929700998.0,200729290,KROGER llc,,2019,08/05/19,20190820,USD,67944.33,8/20/19 0:00,0,,2019-08-05,2019-08-20,2019-08-20,0.0,OnTime,AllSectors,15,67944.33,0,0.0,0,0.0,2,33245.31428571429,0,0.0,0,0.0
1166,1930567543.0,200772670,ASSOCIAT foundation,,2020,2/25/20,20200311,USD,347.23,3/19/20 0:00,0,,2020-02-25,2020-03-11,2020-03-19,8.0,Late,AllSectors,15,347.23,3,55643.96129032257,6,28250.547540983607,16,43882.92049689441,0,0.0,0,0.0
1167,1929547889.0,200726979,BJ'S  us,,2019,6/26/19,20190711,USD,518.6,07/11/19 0:00,0,,2019-06-26,2019-07-11,2019-07-11,0.0,OnTime,AllSectors,15,518.6,0,0.0,10,11071.269306930693,12,8802.746280991736,0,0.0,0,0.0
1168,1928826157.0,200729942,SA corporation,,2019,2/19/19,20190306,USD,3124.7,03/01/19 0:00,0,,2019-02-19,2019-03-06,2019-03-01,-5.0,Early,AllSectors,15,3124.7,0,0.0,0,0.0,0,0.0,0,0.0,0,0.0
1169,1930126899.0,200468954,SKID trust,,2019,11/06/19,20191121,USD,34862.79,11/21/19 0:00,0,,2019-11-06,2019-11-21,2019-11-21,0.0,OnTime,AllSectors,15,34862.79,0,0.0,0,0.0,0,0.0,0,0.0,0,0.0
1171,1928647667.0,200696090,UNITE corp,,2019,1/22/19,20190206,USD,7549.32,02/06/19 0:00,0,,2019-01-22,2019-02-06,2019-02-06,0.0,OnTime,AllSectors,15,7549.32,0,0.0,0,0.0,0,0.0,0,0.0,0,0.0
1174,1930193885.0,200769623,WAL-MAR co,Retail,2019,11/26/19,20191211,USD,19561.32,12/12/19 0:00,0,,2019-11-26,2019-12-11,2019-12-12,1.0,Late,Retail,15,19561.32,141,23708.975124025503,1,11085.927272727273,25,23626.40796812749,1,791.8272727272727,0,0.0
1175,1929715576.0,200803720,DEC foundation,,2019,08/07/19,20190824,USD,195.0,8/16/19 0:00,0,,2019-08-07,2019-08-24,2019-08-16,-8.0,Early,AllSectors,17,195.0,6,3157.3836065573773,0,0.0,0,0.0,0,0.0,0,0.0
1176,1930205309.0,200769623,WAL-MAR corporation,Retail,2019,11/30/19,20191215,USD,35961.87,12/10/19 0:00,0,,2019-11-30,2019-12-15,2019-12-10,-5.0,Early,Retail,15,35961.87,144,23815.518181818174,1,11085.927272727273,26,23470.657471264363,1,791.8272727272727,0,0.0
1178,1929811719.0,200561861,CO corporation,,2019,8/30/19,20190914,USD,143326.89,9/13/19 0:00,0,,2019-08-30,2019-09-14,2019-09-13,-1.0,Early,AllSectors,15,143326.89,0,0.0,1,20446.436363636363,0,0.0,0,0.0,0,0.0
1179,1991831515.0,140103400,FOST trust,,2019,9/17/19,20191017,USD,1268.4,10/16/19 0:00,0,,2019-09-17,2019-10-17,2019-10-16,-1.0,Early,AllSectors,30,1268.4,0,0.0,0,0.0,0,0.0,0,0.0,0,0.0
1180,1929528817.0,200782001,GORDO us,,2019,6/26/19,20190727,USD,21060.54,07/09/19 0:00,0,,2019-06-26,2019-07-27,2019-07-09,-18.0,Early,AllSectors,31,21060.54,0,0.0,0,0.0,2,18940.390476190474,0,0.0,0,0.0
1181,1930413459.0,200726979,BJ'S  llc,,2020,1/20/20,20200204,USD,35.73,02/05/20 0:00,0,,2020-01-20,2020-02-04,2020-02-05,1.0,Late,AllSectors,15,35.73,0,0.0,21,6667.830805687203,18,10693.99447513812,0,0.0,0,0.0
1183,1928550606.0,200759878,SA corp,,2019,01/02/19,20190117,USD,35219.37,1/22/19 0:00,0,,2019-01-02,2019-01-17,2019-01-22,5.0,Late,AllSectors,15,35219.37,0,0.0,0,0.0,0,0.0,0,0.0,0,0.0
1184,2960522770.0,140104423,METRO  in,,2019,1/16/19,20190127,CAD,169676.34,1/25/19 0:00,0,,2019-01-16,2019-01-27,2019-01-25,-2.0,Early,AllSectors,11,123863.7282,0,0.0,0,0.0,0,0.0,0,0.0,0,0.0
1185,1930508269.0,200769623,WAL-MAR corporation,Retail,2020,02/12/20,20200227,USD,14627.23,2/24/20 0:00,0,,2020-02-12,2020-02-27,2020-02-24,-3.0,Early,Retail,15,14627.23,181,23864.590060739924,1,11085.927272727273,35,25082.993162393155,1,791.8272727272727,0,0.0
1186,1929975788.0,200769623,WAL-MAR foundation,Retail,2019,10/06/19,20191021,USD,1897.5,10/18/19 0:00,0,,2019-10-06,2019-10-21,2019-10-18,-3.0,Early,Retail,15,1897.5,117,23966.939368061478,1,11085.927272727273,20,21888.790049751246,1,791.8272727272727,0,0.0
1187,1930388573.0,200762301,C&S WH co,,2020,1/13/20,20200128,USD,5233.56,1/28/20 0:00,0,,2020-01-13,2020-01-28,2020-01-28,0.0,OnTime,AllSectors,15,5233.56,3,13575.62258064516,6,61771.18196721311,5,33451.18235294118,0,0.0,0,0.0
1188,1929417376.0,200769623,WAL-MAR foundation,Retail,2019,06/03/19,20190618,USD,4129.98,6/20/19 0:00,0,,2019-06-03,2019-06-18,2019-06-20,2.0,Late,Retail,15,4129.98,61,19800.890180032737,1,11085.927272727273,11,22015.60900900901,1,791.8272727272727,0,0.0
1189,1929587391.0,200769623,WAL-MAR trust,Retail,2019,07/08/19,20190723,USD,47697.3,7/18/19 0:00,0,,2019-07-08,2019-07-23,2019-07-18,-5.0,Early,Retail,15,47697.3,80,22223.12147315855,1,11085.927272727273,16,22594.181987577642,1,791.8272727272727,0,0.0
1190,1929477992.0,200772670,ASSOCIAT systems,,2019,06/12/19,20190627,USD,50578.26,6/27/19 0:00,0,,2019-06-12,2019-06-27,2019-06-27,0.0,OnTime,AllSectors,15,50578.26,3,55643.96129032257,1,24573.22727272727,6,49102.45573770492,0,0.0,0,0.0
1191,1929636998.0,200772670,ASSOCIAT co,,2019,7/19/19,20190803,USD,2646.37,08/05/19 0:00,0,,2019-07-19,2019-08-03,2019-08-05,2.0,Late,AllSectors,15,2646.37,3,55643.96129032257,2,36956.57619047619,7,54952.23943661972,0,0.0,0,0.0
1193,1930040351.0,200726025,MARTI co,,2019,10/21/19,20191122,USD,82015.03,10/28/19 0:00,0,,2019-10-21,2019-11-22,2019-10-28,-25.0,Early,AllSectors,32,82015.03,0,0.0,0,0.0,0,0.0,0,0.0,0,0.0
1195,1929748576.0,200738514,KTA  llc,,2019,8/23/19,20191106,USD,108.58,10/25/19 0:00,0,,2019-08-23,2019-11-06,2019-10-25,-12.0,Early,AllSectors,75,108.58,0,0.0,0,0.0,0,0.0,0,0.0,0,0.0
1196,1929286251.0,200592182,DECA co,,2019,05/09/19,20190511,USD,6766.67,05/09/19 0:00,0,,2019-05-09,2019-05-11,2019-05-09,-2.0,Early,AllSectors,2,6766.67,3,4793.416129032258,0,0.0,0,0.0,0,0.0,0,0.0
1197,1930153162.0,200762301,C&S WH foundation,,2019,11/15/19,20191130,USD,76444.16,12/02/19 0:00,0,,2019-11-15,2019-11-30,2019-12-02,2.0,Late,AllSectors,15,76444.16,3,13575.62258064516,5,69920.16470588236,4,22965.09024390244,0,0.0,0,0.0
1198,1928931789.0,200707822,PUBLI foundation,,2019,03/08/19,20190323,USD,22278.76,3/25/19 0:00,0,,2019-03-08,2019-03-23,2019-03-25,2.0,Late,AllSectors,15,22278.76,0,0.0,0,0.0,1,82483.11818181816,0,0.0,0,0.0
1199,1929791881.0,200759878,SA corp,,2019,8/28/19,20190912,USD,32840.52,09/12/19 0:00,0,,2019-08-28,2019-09-12,2019-09-12,0.0,OnTime,AllSectors,15,32840.52,0,0.0,4,67404.30731707318,15,36140.42649006623,0,0.0,0,0.0
1200,1930442071.0,200741174,M B  associates,,2020,1/28/20,20200212,USD,22182.23,2/13/20 0:00,0,,2020-01-28,2020-02-12,2020-02-13,1.0,Late,AllSectors,15,22182.23,0,0.0,0,0.0,2,26061.876190476192,0,0.0,0,0.0
1203,1930333070.0,200793568,SUPE corporation,,2020,12/31/19,20200115,USD,105489.86,1/15/20 0:00,0,,2019-12-31,2020-01-15,2020-01-15,0.0,OnTime,AllSectors,15,105489.86,1,5557.263636363636,1,1339.3545454545454,3,28125.670967741935,0,0.0,0,0.0
1204,1930532787.0,200705742,DOT in,,2020,2/17/20,20200308,USD,4527.35,03/03/20 0:00,0,,2020-02-17,2020-03-08,2020-03-03,-5.0,Early,AllSectors,20,4527.35,9,29237.481318681323,5,6813.152941176471,2,15912.309523809523,0,0.0,0,0.0
1205,1930443614.0,200772670,ASSOCIAT co,,2020,1/26/20,20200210,USD,94017.25,03/02/20 0:00,0,,2020-01-26,2020-02-10,2020-03-02,21.0,Late,AllSectors,15,94017.25,3,55643.96129032257,5,27217.262745098044,14,42091.880851063834,0,0.0,0,0.0
1206,1929950461.0,200769623,WAL-MAR co,Retail,2019,10/01/19,20191016,USD,15719.48,10/15/19 0:00,0,,2019-10-01,2019-10-16,2019-10-15,-1.0,Early,Retail,15,15719.48,111,23886.053285328526,1,11085.927272727273,20,21888.790049751246,1,791.8272727272727,0,0.0
1207,2960529280.0,140105686,SYSC us,,2019,2/19/19,20190309,CAD,25380.35,3/14/19 0:00,0,,2019-02-19,2019-03-09,2019-03-14,5.0,Late,AllSectors,18,18527.655499999997,0,0.0,0,0.0,0,0.0,0,0.0,0,0.0
1208,1929666070.0,200763814,SYSCO F trust,,2019,7/26/19,20190815,USD,6020.45,8/16/19 0:00,0,,2019-07-26,2019-08-15,2019-08-16,1.0,Late,AllSectors,20,6020.45,0,0.0,0,0.0,0,0.0,0,0.0,0,0.0
1211,1930013579.0,200704858,WAKE trust,,2019,10/16/19,20191031,USD,134841.94,10/28/19 0:00,0,,2019-10-16,2019-10-31,2019-10-28,-3.0,Early,AllSectors,15,134841.94,1,137611.52727272725,1,15927.381818181815,1,64644.43636363636,0,0.0,0,0.0
1212,1929828895.0,200974851,RESTA systems,,2019,09/06/19,20190921,USD,3527.53,9/20/19 0:00,0,,2019-09-06,2019-09-21,2019-09-20,-1.0,Early,AllSectors,15,3527.53,0,0.0,2,2278.461904761905,1,342.1363636363636,0,0.0,0,0.0
1213,1929498765.0,200742521,GLA ,,2019,6/17/19,20190707,USD,5875.15,07/08/19 0:00,0,,2019-06-17,2019-07-07,2019-07-08,1.0,Late,AllSectors,20,5875.15,1,34641.08181818182,0,0.0,0,0.0,0,0.0,0,0.0
1215,2960584829.0,140104429,COSTCO corporation,,2019,10/05/19,20191025,CAD,96538.11,10/21/19 0:00,0,,2019-10-05,2019-10-25,2019-10-21,-4.0,Early,AllSectors,20,70472.82029999999,0,0.0,0,0.0,5,32828.16666666667,0,0.0,0,0.0
1217,1930169689.0,100044010,LAND associates,,2019,11/20/19,20191222,USD,46305.0,11/29/19 0:00,0,,2019-11-20,2019-12-22,2019-11-29,-23.0,Early,AllSectors,32,46305.0,0,0.0,0,0.0,0,0.0,0,0.0,0,0.0
1218,1930269178.0,200769623,WAL-MAR foundation,Retail,2019,12/13/19,20191228,USD,30512.76,12/24/19 0:00,0,,2019-12-13,2019-12-28,2019-12-24,-4.0,Early,Retail,15,30512.76,157,23732.962953532777,1,11085.927272727273,29,24292.270790378003,1,791.8272727272727,0,0.0
1219,1930124090.0,200148860,DOLLA us,,2019,11/08/19,20191123,USD,14776.31,11/22/19 0:00,0,,2019-11-08,2019-11-23,2019-11-22,-1.0,Early,AllSectors,15,14776.31,0,0.0,3,42673.98387096774,1,56121.590909090904,0,0.0,0,0.0
1220,1928713811.0,200726979,BJ'S  ,,2019,02/01/19,20190216,USD,1050.16,2/19/19 0:00,0,,2019-02-01,2019-02-16,2019-02-19,3.0,Late,AllSectors,15,1050.16,0,0.0,0,0.0,1,75528.93636363636,0,0.0,0,0.0
1222,1929695168.0,200769623,WAL-MAR systems,Retail,2019,08/04/19,20190819,USD,1356.55,8/14/19 0:00,0,,2019-08-04,2019-08-19,2019-08-14,-5.0,Early,Retail,15,1356.55,89,22845.106285072947,1,11085.927272727273,18,24033.357458563536,1,791.8272727272727,0,0.0
1223,1929286776.0,200078795,H T H ,,2019,05/08/19,20190523,USD,7156.0,5/17/19 0:00,0,,2019-05-08,2019-05-23,2019-05-17,-6.0,Early,AllSectors,15,7156.0,1,271.2090909090909,0,0.0,1,1086.7272727272727,0,0.0,0,0.0
1224,1930137003.0,200769623,WAL-MAR associates,Retail,2019,11/12/19,20191127,USD,30368.48,11/25/19 0:00,0,,2019-11-12,2019-11-27,2019-11-25,-2.0,Early,Retail,15,30368.48,134,24087.194630872473,1,11085.927272727273,24,24084.290871369296,1,791.8272727272727,0,0.0
1226,1929153559.0,200673194,PERFOR corporation,,2019,4/15/19,20190430,USD,16496.44,05/01/19 0:00,0,,2019-04-15,2019-04-30,2019-05-01,1.0,Late,AllSectors,15,16496.44,0,0.0,0,0.0,0,0.0,0,0.0,0,0.0
1227,1929916158.0,200741174,M B  llc,,2019,9/24/19,20191009,USD,21311.0,10/15/19 0:00,0,,2019-09-24,2019-10-09,2019-10-15,6.0,Late,AllSectors,15,21311.0,0,0.0,0,0.0,1,30380.854545454546,0,0.0,0,0.0
1228,1929368102.0,200769623,WAL-MAR corp,Retail,2019,5/22/19,20190606,USD,4627.72,06/03/19 0:00,0,,2019-05-22,2019-06-06,2019-06-03,-3.0,Early,Retail,15,4627.72,57,19296.73292469352,1,11085.927272727273,9,21682.39230769231,1,791.8272727272727,0,0.0
1229,1929997153.0,200881076,ALBERT corp,,2019,10/10/19,20191025,USD,38494.47,10/25/19 0:00,0,,2019-10-10,2019-10-25,2019-10-25,0.0,OnTime,AllSectors,15,38494.47,0,0.0,0,0.0,0,0.0,0,0.0,0,0.0
1230,1928947946.0,200785971,SYSCO  trust,,2019,03/11/19,20190412,USD,7730.59,4/15/19 0:00,0,,2019-03-11,2019-04-12,2019-04-15,3.0,Late,AllSectors,32,7730.59,0,0.0,0,0.0,0,0.0,0,0.0,0,0.0
1231,2960536189.0,140104423,METRO  in,,2019,3/25/19,20190406,CAD,63999.45,04/04/19 0:00,0,,2019-03-25,2019-04-06,2019-04-04,-2.0,Early,AllSectors,12,46719.5985,2,151973.1857142857,0,0.0,0,0.0,0,0.0,0,0.0
1232,1930192368.0,CCCA02,KRAFT  corporation,,2019,11/27/19,20200101,USD,25835.82,12/20/19 0:00,0,,2019-11-27,2020-01-01,2019-12-20,-12.0,Early,AllSectors,35,25835.82,2,9910.714285714284,1,14768.30909090909,7,29772.023943661974,0,0.0,0,0.0
